date,issue,n1,n2,n3,n4,n5
2018-04-06,,11,19,22,23,39
2018-04-07,,3,19,27,28,32
2018-04-08,,6,7,14,19,37
2018-04-09,,11,20,21,22,25
2018-04-10,,4,5,11,14,34
2018-04-11,,6,9,28,30,34
2018-04-12,,3,13,18,29,36
2018-04-13,,3,17,21,26,27
2018-04-14,,6,12,18,27,29
2018-04-15,,1,2,6,10,15
2018-04-16,,1,17,18,32,33
2018-04-17,,10,12,16,17,24
2018-04-18,,7,10,13,20,21
2018-04-19,,2,7,17,19,36
2018-04-20,,11,13,22,27,39
2018-04-21,,8,11,14,17,35
2018-04-22,,3,26,28,30,31
2018-04-23,,2,7,10,36,39
2018-04-24,,8,14,19,31,39
2018-04-25,,6,16,22,26,27
2018-04-26,,9,11,14,23,35
2018-04-27,,5,18,23,32,35
2018-04-28,,3,15,23,30,35
2018-04-29,,20,28,33,35,36
2018-04-30,,5,9,13,16,37
2018-05-01,,4,11,18,25,28
2018-05-02,,6,8,13,17,25
2018-05-03,,18,26,30,34,35
2018-05-04,,8,16,25,28,30
2018-05-05,,5,7,26,29,30
2018-05-06,,3,25,26,33,35
2018-05-07,,7,20,23,35,39
2018-05-08,,2,23,31,32,34
2018-05-09,,4,14,17,19,25
2018-05-10,,18,27,30,32,39
2018-05-11,,18,21,23,25,34
2018-05-12,,14,15,31,33,38
2018-05-13,,14,17,19,34,37
2018-05-14,,6,7,13,29,37
2018-05-15,,5,6,11,13,39
2018-05-16,,9,11,17,21,27
2018-05-17,,2,12,16,18,30
2018-05-18,,4,7,14,30,38
2018-05-19,,22,30,33,36,37
2018-05-20,,8,18,23,24,27
2018-05-21,,7,12,21,22,29
2018-05-22,,1,10,32,34,36
2018-05-23,,3,15,20,27,31
2018-05-24,,10,15,31,33,35
2018-05-25,,12,23,24,28,37
2018-05-26,,3,8,11,14,28
2018-05-27,,1,9,10,23,28
2018-05-28,,24,28,37,38,39
2018-05-29,,13,20,23,33,37
2018-05-30,,3,8,12,16,24
2018-05-31,,8,22,24,26,29
2018-06-01,,5,10,22,31,32
2018-06-02,,20,26,28,32,36
2018-06-03,,25,32,36,37,38
2018-06-04,,9,13,26,31,34
2018-06-05,,3,7,8,31,33
2018-06-06,,2,10,11,32,33
2018-06-07,,9,16,26,29,39
2018-06-08,,4,6,10,15,29
2018-06-09,,15,27,36,38,39
2018-06-10,,4,6,15,21,23
2018-06-11,,1,17,24,26,38
2018-06-12,,6,22,33,38,39
2018-06-13,,18,27,28,30,39
2018-06-14,,1,9,12,21,36
2018-06-15,,9,10,13,16,24
2018-06-16,,3,14,16,17,24
2018-06-17,,4,7,32,34,39
2018-06-18,,2,14,22,28,29
2018-06-19,,6,17,24,34,39
2018-06-20,,11,16,17,19,23
2018-06-21,,4,5,22,23,39
2018-06-22,,4,5,9,10,28
2018-06-23,,4,18,30,32,36
2018-06-24,,2,5,16,32,39
2018-06-25,,4,7,9,14,23
2018-06-26,,6,10,12,15,35
2018-06-27,,5,13,27,28,32
2018-06-28,,2,9,10,12,18
2018-06-29,,13,16,20,33,37
2018-06-30,,3,8,14,21,36
2018-07-01,,7,11,27,28,36
2018-07-02,,5,6,34,35,37
2018-07-03,,1,14,32,35,39
2018-07-04,,11,12,25,27,36
2018-07-05,,3,6,11,32,37
2018-07-06,,5,8,10,29,39
2018-07-07,,6,11,14,26,36
2018-07-08,,3,9,24,27,35
2018-07-09,,6,10,15,17,25
2018-07-10,,1,4,6,19,34
2018-07-11,,11,15,16,18,24
2018-07-12,,1,7,27,32,37
2018-07-13,,1,11,22,26,37
2018-07-14,,2,7,14,31,35
2018-07-15,,8,12,22,31,34
2018-07-16,,12,15,24,37,39
2018-07-17,,2,13,19,33,35
2018-07-18,,13,16,20,33,39
2018-07-19,,10,16,23,24,29
2018-07-20,,10,18,22,25,28
2018-07-21,,8,11,26,29,32
2018-07-22,,6,10,20,30,38
2018-07-23,,1,6,9,27,28
2018-07-24,,2,5,13,26,33
2018-07-25,,22,23,25,33,37
2018-07-26,,11,19,24,33,38
2018-07-27,,8,10,20,29,39
2018-07-28,,13,18,23,27,38
2018-07-29,,4,13,15,21,35
2018-07-30,,12,19,21,30,36
2018-07-31,,15,19,30,32,37
2018-08-01,,3,8,10,11,25
2018-08-02,,2,10,15,31,35
2018-08-03,,6,10,15,21,35
2018-08-04,,15,20,24,25,28
2018-08-05,,5,22,28,32,34
2018-08-06,,6,14,15,24,37
2018-08-07,,11,29,32,38,39
2018-08-08,,8,18,19,26,39
2018-08-09,,3,6,8,30,38
2018-08-10,,5,27,36,38,39
2018-08-11,,1,13,21,31,33
2018-08-12,,3,5,20,21,35
2018-08-13,,1,8,11,21,22
2018-08-14,,4,5,8,31,39
2018-08-15,,7,10,11,30,33
2018-08-16,,4,5,14,18,26
2018-08-17,,1,5,6,27,37
2018-08-18,,1,8,9,14,32
2018-08-19,,4,11,20,32,34
2018-08-20,,7,13,18,27,30
2018-08-21,,9,25,26,33,38
2018-08-22,,16,22,23,26,31
2018-08-23,,3,11,12,20,23
2018-08-24,,2,10,21,32,39
2018-08-25,,5,22,31,36,39
2018-08-26,,10,12,23,32,34
2018-08-27,,9,10,13,16,34
2018-08-28,,7,25,31,36,38
2018-08-29,,4,6,7,30,31
2018-08-30,,2,5,10,21,39
2018-08-31,,9,16,22,29,36
2018-09-01,,2,3,5,26,37
2018-09-02,,9,10,18,29,36
2018-09-03,,11,13,22,38,39
2018-09-04,,10,15,20,25,39
2018-09-05,,2,5,12,23,24
2018-09-06,,1,7,20,34,39
2018-09-07,,2,11,12,32,35
2018-09-08,,4,6,26,33,34
2018-09-09,,10,21,27,33,35
2018-09-10,,5,9,14,20,38
2018-09-11,,3,7,22,28,29
2018-09-12,,9,14,30,31,37
2018-09-13,,15,28,31,34,38
2018-09-14,,7,10,14,25,28
2018-09-15,,5,10,16,23,36
2018-09-16,,1,7,9,21,24
2018-09-17,,2,11,13,17,27
2018-09-18,,2,5,6,9,32
2018-09-19,,9,20,22,29,35
2018-09-20,,5,10,17,24,39
2018-09-21,,7,8,28,35,39
2018-09-22,,4,19,25,35,39
2018-09-23,,8,9,16,25,27
2018-09-24,,7,14,22,27,29
2018-09-25,,1,4,5,18,22
2018-09-26,,7,13,19,21,24
2018-09-27,,5,7,19,30,31
2018-09-28,,2,5,9,11,14
2018-09-29,,2,11,24,30,38
2018-09-30,,1,7,11,15,18
2018-10-01,,3,4,6,13,29
2018-10-02,,3,6,28,30,32
2018-10-03,,1,2,4,36,39
2018-10-04,,5,8,10,25,27
2018-10-05,,11,18,22,28,36
2018-10-06,,4,10,14,22,39
2018-10-07,,2,13,20,22,23
2018-10-08,,3,22,27,28,37
2018-10-09,,5,24,25,29,38
2018-10-10,,3,16,18,24,30
2018-10-11,,14,20,28,34,39
2018-10-12,,7,8,17,28,34
2018-10-13,,1,5,6,30,36
2018-10-14,,9,11,19,22,33
2018-10-15,,9,11,15,16,38
2018-10-16,,1,6,17,34,36
2018-10-17,,1,4,13,24,36
2018-10-18,,2,10,21,22,29
2018-10-19,,4,7,11,20,38
2018-10-20,,5,7,25,28,36
2018-10-21,,2,5,12,18,26
2018-10-22,,4,8,10,19,23
2018-10-23,,3,20,25,31,37
2018-10-24,,1,11,13,17,19
2018-10-25,,17,23,25,30,35
2018-10-26,,3,17,20,23,39
2018-10-27,,9,10,11,18,37
2018-10-28,,6,23,30,31,39
2018-10-29,,2,4,7,17,28
2018-10-30,,2,12,18,21,31
2018-10-31,,5,16,17,21,26
2018-11-01,,1,18,20,33,39
2018-11-02,,2,8,15,35,38
2018-11-03,,1,2,17,23,34
2018-11-04,,8,23,26,31,33
2018-11-05,,1,14,28,29,36
2018-11-06,,1,2,8,16,29
2018-11-07,,4,5,21,37,38
2018-11-08,,6,10,11,21,34
2018-11-09,,5,15,27,30,39
2018-11-10,,9,29,30,33,38
2018-11-11,,18,23,30,34,36
2018-11-12,,1,4,14,25,27
2018-11-13,,1,6,8,25,35
2018-11-14,,10,13,17,22,38
2018-11-15,,15,17,21,25,29
2018-11-16,,2,5,15,19,26
2018-11-17,,7,13,15,24,29
2018-11-18,,4,7,8,31,39
2018-11-19,,1,4,6,14,22
2018-11-20,,6,15,16,24,38
2018-11-21,,7,9,12,25,38
2018-11-22,,3,5,21,26,31
2018-11-23,,9,16,27,34,38
2018-11-24,,7,11,13,20,22
2018-11-25,,3,10,15,17,35
2018-11-26,,6,15,16,22,39
2018-11-27,,18,19,22,25,27
2018-11-28,,5,13,28,31,37
2018-11-29,,10,21,29,31,37
2018-11-30,,10,13,22,30,31
2018-12-01,,6,13,21,23,26
2018-12-02,,1,4,19,21,32
2018-12-03,,23,29,31,38,39
2018-12-04,,2,16,24,27,38
2018-12-05,,4,5,9,29,34
2018-12-06,,18,20,25,36,37
2018-12-07,,1,2,11,36,38
2018-12-08,,26,28,30,33,34
2018-12-09,,4,11,13,21,25
2018-12-10,,5,9,14,19,28
2018-12-11,,1,12,14,17,34
2018-12-12,,1,16,20,25,35
2018-12-13,,1,4,8,17,28
2018-12-14,,1,20,25,27,32
2018-12-15,,1,18,22,35,36
2018-12-16,,8,13,17,18,34
2018-12-17,,2,20,31,35,38
2018-12-18,,18,24,26,31,39
2018-12-19,,1,4,18,28,32
2018-12-20,,3,5,6,7,25
2018-12-21,,2,4,11,15,31
2018-12-22,,5,10,12,31,32
2018-12-23,,6,23,27,28,35
2018-12-24,,2,5,18,23,34
2018-12-25,,7,9,17,25,29
2018-12-26,,1,14,17,36,38
2018-12-27,,7,12,13,14,17
2018-12-28,,14,16,25,27,39
2018-12-29,,2,6,15,24,35
2018-12-30,,8,23,26,30,32
2018-12-31,,3,7,13,19,25
2019-01-01,,8,25,30,35,36
2019-01-02,,11,14,16,34,38
2019-01-03,,5,7,17,24,30
2019-01-04,,6,10,20,34,35
2019-01-05,,10,12,14,16,19
2019-01-06,,11,20,21,29,33
2019-01-07,,10,21,25,33,36
2019-01-08,,4,5,6,14,18
2019-01-09,,12,17,28,31,35
2019-01-10,,8,9,11,16,17
2019-01-11,,7,8,23,35,37
2019-01-12,,2,15,20,26,32
2019-01-13,,23,34,35,38,39
2019-01-14,,2,20,25,30,36
2019-01-15,,6,7,9,14,20
2019-01-16,,5,15,23,34,36
2019-01-17,,3,7,9,32,35
2019-01-18,,22,24,30,33,38
2019-01-19,,1,2,19,21,29
2019-01-20,,3,14,30,31,38
2019-01-21,,10,19,22,27,29
2019-01-22,,12,23,25,29,38
2019-01-23,,1,8,12,23,25
2019-01-24,,8,9,32,37,39
2019-01-25,,1,5,9,25,37
2019-01-26,,8,13,34,35,39
2019-01-27,,7,13,24,30,38
2019-01-28,,3,12,16,26,27
2019-01-29,,14,18,27,34,36
2019-01-30,,16,20,25,31,36
2019-01-31,,3,17,18,25,26
2019-02-01,,1,7,15,25,33
2019-02-02,,1,9,22,27,37
2019-02-03,,3,4,6,10,33
2019-02-04,,15,16,31,33,34
2019-02-05,,4,6,17,20,27
2019-02-06,,5,10,14,34,38
2019-02-07,,8,20,26,32,39
2019-02-08,,12,17,29,30,39
2019-02-09,,3,6,11,23,33
2019-02-10,,7,9,14,18,37
2019-02-11,,2,14,17,24,28
2019-02-12,,3,11,14,15,16
2019-02-13,,3,5,11,27,37
2019-02-14,,4,10,11,16,23
2019-02-15,,20,27,28,29,34
2019-02-16,,1,3,13,27,37
2019-02-17,,9,10,14,19,20
2019-02-18,,6,7,14,29,38
2019-02-19,,2,11,17,27,32
2019-02-20,,1,3,9,14,15
2019-02-21,,3,7,24,27,36
2019-02-22,,17,28,31,37,38
2019-02-23,,2,14,25,36,38
2019-02-24,,6,14,19,20,32
2019-02-25,,17,18,28,29,31
2019-02-26,,19,21,22,29,33
2019-02-27,,5,13,15,29,34
2019-02-28,,10,12,26,30,32
2019-03-01,,2,4,5,26,32
2019-03-02,,4,8,9,22,27
2019-03-03,,1,11,14,36,39
2019-03-04,,2,18,26,32,34
2019-03-05,,7,14,21,27,35
2019-03-06,,1,5,19,21,26
2019-03-07,,10,11,16,18,30
2019-03-08,,11,28,29,32,36
2019-03-09,,2,7,26,36,38
2019-03-10,,1,6,18,38,39
2019-03-11,,3,5,11,17,25
2019-03-12,,6,14,15,16,30
2019-03-13,,1,8,11,19,39
2019-03-14,,16,27,28,32,36
2019-03-15,,4,6,11,23,33
2019-03-16,,3,8,16,29,30
2019-03-17,,19,20,21,22,31
2019-03-18,,1,3,9,17,18
2019-03-19,,2,3,6,11,38
2019-03-20,,9,11,15,18,20
2019-03-21,,2,4,9,16,17
2019-03-22,,8,20,22,28,35
2019-03-23,,7,23,30,36,39
2019-03-24,,8,10,14,24,36
2019-03-25,,2,9,20,23,27
2019-03-26,,13,24,26,30,38
2019-03-27,,11,27,28,30,33
2019-03-28,,8,21,28,32,39
2019-03-29,,2,9,12,31,33
2019-03-30,,1,9,10,17,26
2019-03-31,,3,9,17,19,30
2019-04-01,,1,9,16,24,34
2019-04-02,,7,9,13,31,39
2019-04-03,,1,5,6,9,16
2019-04-04,,4,12,26,27,28
2019-04-05,,1,2,28,37,38
2019-04-06,,8,10,26,28,29
2019-04-07,,18,20,28,30,39
2019-04-08,,5,9,13,36,39
2019-04-09,,2,3,6,27,39
2019-04-10,,9,30,32,33,38
2019-04-11,,3,12,26,31,37
2019-04-12,,6,17,33,35,38
2019-04-13,,5,6,15,17,26
2019-04-14,,2,9,24,31,39
2019-04-15,,20,22,28,34,37
2019-04-16,,12,14,22,29,38
2019-04-17,,18,23,24,31,34
2019-04-18,,2,6,7,27,32
2019-04-19,,1,13,21,26,29
2019-04-20,,2,8,9,23,38
2019-04-21,,8,18,22,24,26
2019-04-22,,11,13,15,26,29
2019-04-23,,2,9,22,27,35
2019-04-24,,1,15,28,32,34
2019-04-25,,9,12,19,22,27
2019-04-26,,1,2,16,18,39
2019-04-27,,2,16,27,30,33
2019-04-28,,3,7,20,22,23
2019-04-29,,15,20,21,26,29
2019-04-30,,8,18,24,30,33
2019-05-01,,13,21,22,30,37
2019-05-02,,15,32,34,35,36
2019-05-03,,5,11,23,33,37
2019-05-04,,6,7,25,27,32
2019-05-05,,3,4,7,21,30
2019-05-06,,1,6,27,36,39
2019-05-07,,21,29,35,36,37
2019-05-08,,15,29,33,34,37
2019-05-09,,2,18,19,29,32
2019-05-10,,10,12,14,15,23
2019-05-11,,1,5,8,14,20
2019-05-12,,15,26,31,33,36
2019-05-13,,4,9,18,22,30
2019-05-14,,6,14,20,21,35
2019-05-15,,13,31,35,37,39
2019-05-16,,14,18,19,22,39
2019-05-17,,16,17,25,35,37
2019-05-18,,10,12,13,27,39
2019-05-19,,9,11,18,25,39
2019-05-20,,4,15,28,33,34
2019-05-21,,2,4,11,12,32
2019-05-22,,10,11,27,28,36
2019-05-23,,3,4,7,8,36
2019-05-24,,1,7,15,19,23
2019-05-25,,1,3,11,19,26
2019-05-26,,1,7,16,18,34
2019-05-27,,4,5,13,18,33
2019-05-28,,1,12,18,30,38
2019-05-29,,1,11,32,38,39
2019-05-30,,1,9,17,24,37
2019-05-31,,1,5,17,18,21
2019-06-01,,2,10,13,26,38
2019-06-02,,7,9,18,19,30
2019-06-03,,16,22,27,34,38
2019-06-04,,13,21,26,27,29
2019-06-05,,13,14,15,20,38
2019-06-06,,13,20,21,33,36
2019-06-07,,1,8,11,16,18
2019-06-08,,3,4,7,21,30
2019-06-09,,21,28,30,34,39
2019-06-10,,10,16,24,30,35
2019-06-11,,3,5,7,15,23
2019-06-12,,10,22,25,31,35
2019-06-13,,5,13,15,16,39
2019-06-14,,13,17,21,27,37
2019-06-15,,10,15,33,36,37
2019-06-16,,4,20,25,26,27
2019-06-17,,12,17,18,26,29
2019-06-18,,23,30,33,36,37
2019-06-19,,14,24,35,37,38
2019-06-20,,7,10,19,25,32
2019-06-21,,6,12,14,22,30
2019-06-22,,21,24,26,28,34
2019-06-23,,4,23,28,34,39
2019-06-24,,1,22,24,26,39
2019-06-25,,10,11,22,28,39
2019-06-26,,7,11,16,22,34
2019-06-27,,17,29,30,35,37
2019-06-28,,3,13,14,32,36
2019-06-29,,6,14,15,23,32
2019-06-30,,2,11,20,21,24
2019-07-01,,6,9,20,26,30
2019-07-02,,4,13,16,30,33
2019-07-03,,6,7,15,17,37
2019-07-04,,5,12,26,34,36
2019-07-05,,3,4,10,26,27
2019-07-06,,11,12,21,29,39
2019-07-07,,3,22,28,32,36
2019-07-08,,13,24,30,32,37
2019-07-09,,4,13,17,19,22
2019-07-10,,6,9,17,22,29
2019-07-11,,2,3,22,27,33
2019-07-12,,8,15,30,31,39
2019-07-13,,13,18,19,22,37
2019-07-14,,8,18,22,23,25
2019-07-15,,13,18,23,30,37
2019-07-16,,13,16,21,24,37
2019-07-17,,10,13,24,25,36
2019-07-18,,1,8,20,35,39
2019-07-19,,10,19,23,24,39
2019-07-20,,6,8,14,34,36
2019-07-21,,2,3,25,30,36
2019-07-22,,14,26,36,38,39
2019-07-23,,1,11,12,21,26
2019-07-24,,4,6,12,29,33
2019-07-25,,14,15,20,25,26
2019-07-26,,2,5,17,19,23
2019-07-27,,3,5,16,22,25
2019-07-28,,1,6,14,21,30
2019-07-29,,7,21,24,29,38
2019-07-30,,1,19,22,31,35
2019-07-31,,5,6,29,32,38
2019-08-01,,8,13,18,20,30
2019-08-02,,2,15,21,22,28
2019-08-03,,24,26,28,34,35
2019-08-04,,2,5,8,27,34
2019-08-05,,8,14,16,17,21
2019-08-06,,2,16,23,24,30
2019-08-07,,5,11,17,21,25
2019-08-08,,5,8,13,19,35
2019-08-09,,21,26,27,32,39
2019-08-10,,2,12,33,34,38
2019-08-11,,7,12,19,28,33
2019-08-12,,2,3,8,10,13
2019-08-13,,19,20,26,33,38
2019-08-14,,5,7,15,28,31
2019-08-15,,1,8,12,31,32
2019-08-16,,5,6,16,34,38
2019-08-17,,3,10,13,14,28
2019-08-18,,4,6,16,19,20
2019-08-19,,13,16,20,26,39
2019-08-20,,1,25,31,34,39
2019-08-21,,8,25,27,34,39
2019-08-22,,5,6,17,20,33
2019-08-23,,5,6,7,8,12
2019-08-24,,2,3,5,16,31
2019-08-25,,8,10,33,36,38
2019-08-26,,7,16,23,25,34
2019-08-27,,16,32,34,36,38
2019-08-28,,16,20,26,30,39
2019-08-29,,23,25,29,30,31
2019-08-30,,7,24,28,30,34
2019-08-31,,24,30,31,35,39
2019-09-01,,6,12,18,29,34
2019-09-02,,12,14,20,24,31
2019-09-03,,4,12,25,32,36
2019-09-04,,1,2,12,22,30
2019-09-05,,13,16,22,24,33
2019-09-06,,7,19,29,30,37
2019-09-07,,8,14,18,32,34
2019-09-08,,4,8,12,21,25
2019-09-09,,2,4,8,16,39
2019-09-10,,8,17,20,34,39
2019-09-11,,13,15,19,29,37
2019-09-12,,3,14,15,25,26
2019-09-13,,1,24,35,37,38
2019-09-14,,4,19,21,28,34
2019-09-15,,8,12,17,30,36
2019-09-16,,6,13,19,21,22
2019-09-17,,6,18,19,25,35
2019-09-18,,5,7,10,11,18
2019-09-19,,1,5,17,22,27
2019-09-20,,2,15,19,24,38
2019-09-21,,1,3,13,27,29
2019-09-22,,7,13,17,26,34
2019-09-23,,9,13,21,22,31
2019-09-24,,9,20,26,28,33
2019-09-25,,2,8,9,20,25
2019-09-26,,9,11,13,21,32
2019-09-27,,1,2,17,20,25
2019-09-28,,4,15,17,30,35
2019-09-29,,1,12,15,22,27
2019-09-30,,19,28,30,32,37
2019-10-01,,5,13,14,18,22
2019-10-02,,10,14,17,23,33
2019-10-03,,2,20,24,35,39
2019-10-04,,9,17,22,29,32
2019-10-05,,6,8,9,25,30
2019-10-06,,4,13,18,20,32
2019-10-07,,14,17,19,35,39
2019-10-08,,4,19,27,37,39
2019-10-09,,12,24,33,35,39
2019-10-10,,3,11,12,19,31
2019-10-11,,1,16,24,36,39
2019-10-12,,9,15,29,36,39
2019-10-13,,21,23,24,31,37
2019-10-14,,3,9,14,21,24
2019-10-15,,6,8,13,31,36
2019-10-16,,6,10,19,23,38
2019-10-17,,12,14,28,29,37
2019-10-18,,24,26,37,38,39
2019-10-19,,1,15,20,33,36
2019-10-20,,4,5,10,20,35
2019-10-21,,10,19,23,28,31
2019-10-22,,4,8,10,11,17
2019-10-23,,2,3,25,28,39
2019-10-24,,6,16,23,30,33
2019-10-25,,3,13,22,27,28
2019-10-26,,2,14,16,19,36
2019-10-27,,18,30,31,34,35
2019-10-28,,3,6,23,31,32
2019-10-29,,13,19,22,26,39
2019-10-30,,9,19,23,29,33
2019-10-31,,5,10,14,20,29
2019-11-01,,3,10,13,14,16
2019-11-02,,7,8,29,34,38
2019-11-03,,4,5,8,28,32
2019-11-04,,4,16,18,23,39
2019-11-05,,5,16,18,19,33
2019-11-06,,8,15,23,36,39
2019-11-07,,4,10,12,17,39
2019-11-08,,5,11,27,28,29
2019-11-09,,5,24,26,30,36
2019-11-10,,4,10,13,24,31
2019-11-11,,9,27,33,35,36
2019-11-12,,16,23,28,34,37
2019-11-13,,17,21,28,30,38
2019-11-14,,3,13,14,19,25
2019-11-15,,5,26,27,36,39
2019-11-16,,11,12,14,17,33
2019-11-17,,1,4,22,25,34
2019-11-18,,5,12,19,30,35
2019-11-19,,1,4,5,28,32
2019-11-20,,7,9,13,22,24
2019-11-21,,6,9,12,17,36
2019-11-22,,6,7,8,9,24
2019-11-23,,2,13,21,31,33
2019-11-24,,12,17,18,25,33
2019-11-25,,5,6,20,26,38
2019-11-26,,6,10,22,25,37
2019-11-27,,3,12,13,17,24
2019-11-28,,7,8,23,35,39
2019-11-29,,4,9,15,19,28
2019-11-30,,6,12,14,22,39
2019-12-01,,1,10,23,27,35
2019-12-02,,3,20,30,33,37
2019-12-03,,4,11,20,32,33
2019-12-04,,10,15,24,31,38
2019-12-05,,9,15,19,29,39
2019-12-06,,6,21,23,24,37
2019-12-07,,15,17,23,25,38
2019-12-08,,9,14,18,23,39
2019-12-09,,2,9,12,30,36
2019-12-10,,8,9,14,24,28
2019-12-11,,9,16,27,32,35
2019-12-12,,6,7,14,21,24
2019-12-13,,5,16,18,27,39
2019-12-14,,7,9,12,14,26
2019-12-15,,2,11,15,33,34
2019-12-16,,10,11,19,30,34
2019-12-17,,3,18,24,25,36
2019-12-18,,2,12,17,24,37
2019-12-19,,2,6,9,23,34
2019-12-20,,23,31,34,35,36
2019-12-21,,6,12,16,18,19
2019-12-22,,4,17,32,33,34
2019-12-23,,3,23,27,28,30
2019-12-24,,15,20,21,23,30
2019-12-25,,2,10,14,23,34
2019-12-26,,1,2,4,8,34
2019-12-27,,8,11,12,29,37
2019-12-28,,16,21,31,33,37
2019-12-29,,1,11,12,34,35
2019-12-30,,8,11,22,23,37
2019-12-31,,7,20,30,38,39
2020-01-01,,8,14,19,35,36
2020-01-02,,4,18,24,37,38
2020-01-03,,1,7,12,21,33
2020-01-04,,12,20,27,28,35
2020-01-05,,1,17,19,33,38
2020-01-06,,1,8,13,21,31
2020-01-07,,4,12,15,19,24
2020-01-08,,17,19,20,27,34
2020-01-09,,13,18,21,32,35
2020-01-10,,8,10,17,26,35
2020-01-11,,16,27,30,34,35
2020-01-12,,10,16,18,22,31
2020-01-13,,6,18,29,33,36
2020-01-14,,1,4,5,7,18
2020-01-15,,2,7,15,18,28
2020-01-16,,11,20,21,26,28
2020-01-17,,3,18,20,28,29
2020-01-18,,4,6,9,15,38
2020-01-19,,4,8,13,25,34
2020-01-20,,20,22,29,32,33
2020-01-21,,1,31,35,36,37
2020-01-22,,7,25,27,29,31
2020-01-23,,8,12,22,32,33
2020-01-24,,3,8,16,35,36
2020-01-25,,3,13,20,25,28
2020-01-26,,3,4,9,13,22
2020-01-27,,5,18,26,34,36
2020-01-28,,5,26,27,29,35
2020-01-29,,7,15,30,33,39
2020-01-30,,17,23,25,31,33
2020-01-31,,18,22,25,27,37
2020-02-01,,3,9,14,18,30
2020-02-02,,1,2,20,30,37
2020-02-03,,3,11,19,23,38
2020-02-04,,15,28,30,36,38
2020-02-05,,9,15,25,31,34
2020-02-06,,6,18,30,36,39
2020-02-07,,6,7,18,33,37
2020-02-08,,5,6,17,28,30
2020-02-09,,2,18,20,27,38
2020-02-10,,3,12,14,25,35
2020-02-11,,2,6,11,28,34
2020-02-12,,4,17,18,27,37
2020-02-13,,14,19,24,29,36
2020-02-14,,6,7,17,32,34
2020-02-15,,12,18,21,32,34
2020-02-16,,14,33,34,37,38
2020-02-17,,6,17,24,35,38
2020-02-18,,19,24,31,33,36
2020-02-19,,3,11,28,34,36
2020-02-20,,3,4,5,30,38
2020-02-21,,8,22,24,34,36
2020-02-22,,5,11,21,27,28
2020-02-23,,10,21,22,36,39
2020-02-24,,5,6,24,37,39
2020-02-25,,4,13,20,21,33
2020-02-26,,4,13,14,18,32
2020-02-27,,9,19,23,25,29
2020-02-28,,1,12,22,24,37
2020-02-29,,1,3,24,26,27
2020-03-01,,5,17,25,28,33
2020-03-02,,7,20,22,31,38
2020-03-03,,9,16,20,24,37
2020-03-04,,18,22,26,29,34
2020-03-05,,17,27,28,30,35
2020-03-06,,3,8,19,27,36
2020-03-07,,1,16,17,23,32
2020-03-08,,4,6,11,16,27
2020-03-09,,7,13,23,31,39
2020-03-10,,2,3,11,16,25
2020-03-11,,12,15,17,27,34
2020-03-12,,2,13,23,24,30
2020-03-13,,10,22,33,34,35
2020-03-14,,8,10,28,36,38
2020-03-15,,4,8,12,31,35
2020-03-16,,26,28,29,32,39
2020-03-17,,5,6,9,18,20
2020-03-18,,7,19,23,25,26
2020-03-19,,1,5,10,32,36
2020-03-20,,1,2,16,21,28
2020-03-21,,1,23,27,28,33
2020-03-22,,11,16,17,24,30
2020-03-23,,2,11,22,27,30
2020-03-24,,7,15,19,31,39
2020-03-25,,4,18,19,30,36
2020-03-26,,19,21,22,34,37
2020-03-27,,2,7,18,19,35
2020-03-28,,17,18,20,24,35
2020-03-29,,13,22,24,26,36
2020-03-30,,7,22,25,28,33
2020-03-31,,5,8,15,27,28
2020-04-01,,15,17,30,32,38
2020-04-02,,7,22,30,31,39
2020-04-03,,13,14,25,26,38
2020-04-04,,9,10,17,22,25
2020-04-05,,22,24,25,32,33
2020-04-06,,11,19,21,26,30
2020-04-07,,13,18,20,25,31
2020-04-08,,1,4,20,27,38
2020-04-09,,13,15,19,22,28
2020-04-10,,11,13,28,30,32
2020-04-11,,13,22,27,31,35
2020-04-12,,7,14,34,35,38
2020-04-13,,11,13,16,21,22
2020-04-14,,3,8,27,33,34
2020-04-15,,7,12,22,26,27
2020-04-16,,3,7,10,17,37
2020-04-17,,3,10,12,16,22
2020-04-18,,1,3,14,28,34
2020-04-19,,2,8,10,25,37
2020-04-20,,5,8,14,31,35
2020-04-21,,17,26,29,30,31
2020-04-22,,11,13,17,27,36
2020-04-23,,3,10,23,37,38
2020-04-24,,2,17,18,19,37
2020-04-25,,2,18,20,30,31
2020-04-26,,20,23,25,26,30
2020-04-27,,7,30,32,37,39
2020-04-28,,2,6,24,35,38
2020-04-29,,3,5,24,35,39
2020-04-30,,6,9,20,22,38
2020-05-01,,8,16,18,29,37
2020-05-02,,8,11,19,36,37
2020-05-03,,5,6,7,20,22
2020-05-04,,5,7,13,27,31
2020-05-05,,4,8,21,23,26
2020-05-06,,8,24,32,33,35
2020-05-07,,10,20,22,27,29
2020-05-08,,8,10,12,14,23
2020-05-09,,2,3,7,19,20
2020-05-10,,14,17,19,27,28
2020-05-11,,12,15,16,19,28
2020-05-12,,6,12,16,28,33
2020-05-13,,4,9,11,21,38
2020-05-14,,7,8,10,15,23
2020-05-15,,12,28,34,37,39
2020-05-16,,7,11,12,22,28
2020-05-17,,11,15,20,29,39
2020-05-18,,5,15,18,30,35
2020-05-19,,4,16,21,31,38
2020-05-20,,18,23,28,36,37
2020-05-21,,14,19,24,27,28
2020-05-22,,10,12,25,31,36
2020-05-23,,3,4,8,16,24
2020-05-24,,9,12,13,28,34
2020-05-25,,13,17,19,23,26
2020-05-26,,5,7,26,29,35
2020-05-27,,2,11,12,15,22
2020-05-28,,1,10,20,26,38
2020-05-29,,3,8,22,23,27
2020-05-30,,9,13,15,17,29
2020-05-31,,2,7,30,31,35
2020-06-01,,23,26,31,37,38
2020-06-02,,1,3,12,18,24
2020-06-03,,5,7,20,24,33
2020-06-04,,5,12,18,19,23
2020-06-05,,7,8,22,27,28
2020-06-06,,2,11,14,18,25
2020-06-07,,5,10,13,27,35
2020-06-08,,2,22,27,32,33
2020-06-09,,2,13,15,17,29
2020-06-10,,2,9,10,16,18
2020-06-11,,2,9,12,14,19
2020-06-12,,10,15,17,21,34
2020-06-13,,2,3,16,17,38
2020-06-14,,10,14,15,22,26
2020-06-15,,4,9,16,29,39
2020-06-16,,1,5,13,21,22
2020-06-17,,15,21,23,24,28
2020-06-18,,8,23,26,31,37
2020-06-19,,4,5,19,20,37
2020-06-20,,1,7,17,28,33
2020-06-21,,4,13,16,21,23
2020-06-22,,7,10,15,29,38
2020-06-23,,4,12,17,18,37
2020-06-24,,11,12,17,20,31
2020-06-25,,9,14,16,20,37
2020-06-26,,7,8,19,28,39
2020-06-27,,1,10,15,21,26
2020-06-28,,5,7,24,32,37
2020-06-29,,9,28,32,35,37
2020-06-30,,9,13,19,20,23
2020-07-01,,2,15,17,19,36
2020-07-02,,2,10,19,20,23
2020-07-03,,15,22,25,27,34
2020-07-04,,4,6,36,37,38
2020-07-05,,4,6,9,29,35
2020-07-06,,2,10,14,24,27
2020-07-07,,15,18,21,25,38
2020-07-08,,14,22,23,29,32
2020-07-09,,11,13,24,27,32
2020-07-10,,11,19,23,26,32
2020-07-11,,1,18,19,23,25
2020-07-12,,2,3,8,29,39
2020-07-13,,5,11,16,19,20
2020-07-14,,8,11,17,30,32
2020-07-15,,10,16,20,23,32
2020-07-16,,7,11,27,28,33
2020-07-17,,1,20,21,24,37
2020-07-18,,12,16,29,32,38
2020-07-19,,1,3,8,28,37
2020-07-20,,11,22,23,24,38
2020-07-21,,13,16,30,33,38
2020-07-22,,3,13,25,31,39
2020-07-23,,6,12,13,30,31
2020-07-24,,12,15,23,25,35
2020-07-25,,6,22,25,30,35
2020-07-26,,6,7,17,26,27
2020-07-27,,9,10,17,30,39
2020-07-28,,3,8,16,28,29
2020-07-29,,5,20,28,35,38
2020-07-30,,11,13,22,31,37
2020-07-31,,1,24,35,36,37
2020-08-01,,1,11,14,16,28
2020-08-02,,2,8,9,13,23
2020-08-03,,1,4,9,13,20
2020-08-04,,3,5,16,26,27
2020-08-05,,6,11,17,24,32
2020-08-06,,22,26,27,32,39
2020-08-07,,7,15,16,29,36
2020-08-08,,6,7,14,19,25
2020-08-09,,1,10,16,31,37
2020-08-10,,1,2,3,8,31
2020-08-11,,1,5,18,26,29
2020-08-12,,11,12,19,32,33
2020-08-13,,9,12,14,21,36
2020-08-14,,6,9,16,19,29
2020-08-15,,9,16,18,19,29
2020-08-16,,25,32,34,36,38
2020-08-17,,14,18,33,36,38
2020-08-18,,8,20,25,27,36
2020-08-19,,1,5,29,30,38
2020-08-20,,4,15,17,23,30
2020-08-21,,7,10,23,32,37
2020-08-22,,3,5,7,14,39
2020-08-23,,4,6,9,14,30
2020-08-24,,4,7,15,28,31
2020-08-25,,13,17,26,32,35
2020-08-26,,8,9,22,29,31
2020-08-27,,16,17,20,23,33
2020-08-28,,10,15,18,19,23
2020-08-29,,9,11,12,13,14
2020-08-30,,3,26,29,32,33
2020-08-31,,4,7,11,25,27
2020-09-01,,8,21,25,27,32
2020-09-02,,7,10,15,24,30
2020-09-03,,13,14,23,25,27
2020-09-04,,9,15,22,33,35
2020-09-05,,11,17,18,20,29
2020-09-06,,3,14,21,24,27
2020-09-07,,4,7,13,21,33
2020-09-08,,9,21,23,37,39
2020-09-09,,2,8,18,19,36
2020-09-10,,1,14,15,27,29
2020-09-11,,6,12,26,30,35
2020-09-12,,7,15,17,27,31
2020-09-13,,6,15,17,29,33
2020-09-14,,7,9,11,33,36
2020-09-15,,1,14,15,23,27
2020-09-16,,11,17,21,22,30
2020-09-17,,1,25,31,33,35
2020-09-18,,1,22,33,36,37
2020-09-19,,1,2,3,28,33
2020-09-20,,2,6,10,24,25
2020-09-21,,5,6,7,20,23
2020-09-22,,3,21,31,32,39
2020-09-23,,7,10,17,19,27
2020-09-24,,1,2,12,36,37
2020-09-25,,11,19,22,23,33
2020-09-26,,7,16,25,27,39
2020-09-27,,7,8,11,13,17
2020-09-28,,5,6,19,22,26
2020-09-29,,2,4,20,21,23
2020-09-30,,2,24,25,30,37
2020-10-01,,4,11,16,32,35
2020-10-02,,4,10,20,24,26
2020-10-03,,21,25,31,35,37
2020-10-04,,6,12,18,22,25
2020-10-05,,4,12,16,18,20
2020-10-06,,4,9,22,30,36
2020-10-07,,3,8,11,12,25
2020-10-08,,3,20,22,34,37
2020-10-09,,5,10,13,19,37
2020-10-10,,5,14,15,23,33
2020-10-11,,5,10,13,15,25
2020-10-12,,1,6,12,25,36
2020-10-13,,2,6,11,17,18
2020-10-14,,2,4,6,22,39
2020-10-15,,2,3,8,22,36
2020-10-16,,9,11,15,16,35
2020-10-17,,6,12,19,27,30
2020-10-18,,1,3,12,18,26
2020-10-19,,7,9,12,15,37
2020-10-20,,3,6,7,30,31
2020-10-21,,4,18,25,26,31
2020-10-22,,6,11,20,24,27
2020-10-23,,25,28,29,30,31
2020-10-24,,9,23,24,34,35
2020-10-25,,13,16,17,22,33
2020-10-26,,7,14,15,34,36
2020-10-27,,5,18,26,29,31
2020-10-28,,4,18,19,31,35
2020-10-29,,4,18,23,28,29
2020-10-30,,11,13,20,23,26
2020-10-31,,5,7,11,20,32
2020-11-01,,4,6,10,25,30
2020-11-02,,9,10,13,19,35
2020-11-03,,1,9,19,22,38
2020-11-04,,4,8,11,15,30
2020-11-05,,8,16,25,26,27
2020-11-06,,3,13,24,25,38
2020-11-07,,4,20,25,27,32
2020-11-08,,3,9,13,35,36
2020-11-09,,10,11,17,27,30
2020-11-10,,9,12,26,32,33
2020-11-11,,1,15,23,31,33
2020-11-12,,1,8,14,19,39
2020-11-13,,12,16,18,23,29
2020-11-14,,11,12,14,21,22
2020-11-15,,4,6,16,22,34
2020-11-16,,2,9,10,14,27
2020-11-17,,4,16,20,32,34
2020-11-18,,10,28,32,35,37
2020-11-19,,1,4,5,18,34
2020-11-20,,5,19,28,35,36
2020-11-21,,2,8,31,32,37
2020-11-22,,1,6,11,16,37
2020-11-23,,11,16,21,25,37
2020-11-24,,5,6,8,10,19
2020-11-25,,6,7,13,21,30
2020-11-26,,17,19,26,31,32
2020-11-27,,15,24,32,33,36
2020-11-28,,2,6,16,18,31
2020-11-29,,3,10,17,31,35
2020-11-30,,21,22,24,27,28
2020-12-01,,8,10,16,17,36
2020-12-02,,1,14,17,27,35
2020-12-03,,22,23,24,30,39
2020-12-04,,4,9,11,24,25
2020-12-05,,2,10,17,26,34
2020-12-06,,15,24,29,34,39
2020-12-07,,4,19,22,23,32
2020-12-08,,2,6,19,22,24
2020-12-09,,6,8,14,21,31
2020-12-10,,3,13,14,38,39
2020-12-11,,6,8,30,37,38
2020-12-12,,3,16,24,33,35
2020-12-13,,21,28,32,33,36
2020-12-14,,8,17,20,21,27
2020-12-15,,11,22,27,31,33
2020-12-16,,4,6,12,17,21
2020-12-17,,1,11,16,19,38
2020-12-18,,4,16,23,34,36
2020-12-19,,5,11,15,27,36
2020-12-20,,26,29,30,33,37
2020-12-21,,1,4,19,22,34
2020-12-22,,2,4,5,31,38
2020-12-23,,1,4,6,13,22
2020-12-24,,5,12,19,22,25
2020-12-25,,6,11,17,23,24
2020-12-26,,6,10,22,31,38
2020-12-27,,10,21,23,29,36
2020-12-28,,8,19,27,34,39
2020-12-29,,4,8,13,29,32
2020-12-30,,1,13,14,15,23
2020-12-31,,5,7,23,28,36
2021-01-01,,2,10,12,26,32
2021-01-02,,5,26,27,28,33
2021-01-03,,3,9,19,29,31
2021-01-04,,6,16,25,26,32
2021-01-05,,7,13,19,38,39
2021-01-06,,3,9,13,17,38
2021-01-07,,13,25,31,34,36
2021-01-08,,4,10,26,33,39
2021-01-09,,2,16,20,24,35
2021-01-10,,3,4,19,26,27
2021-01-11,,2,9,24,26,36
2021-01-12,,9,22,30,31,36
2021-01-13,,8,16,17,27,32
2021-01-14,,5,10,14,22,32
2021-01-15,,13,17,19,21,22
2021-01-16,,10,11,17,26,36
2021-01-17,,1,17,18,25,29
2021-01-18,,1,11,16,23,28
2021-01-19,,2,18,32,34,39
2021-01-20,,10,12,13,18,21
2021-01-21,,14,17,19,21,24
2021-01-22,,5,6,15,38,39
2021-01-23,,7,10,11,19,23
2021-01-24,,13,21,23,24,38
2021-01-25,,17,21,30,32,33
2021-01-26,,16,20,25,30,36
2021-01-27,,2,6,8,10,28
2021-01-28,,8,10,21,26,32
2021-01-29,,10,15,19,23,28
2021-01-30,,3,6,14,17,32
2021-01-31,,7,27,31,33,36
2021-02-01,,16,19,26,28,36
2021-02-02,,1,10,12,13,39
2021-02-03,,4,9,18,24,35
2021-02-04,,2,9,16,22,28
2021-02-05,,2,11,16,19,24
2021-02-06,,3,5,14,18,22
2021-02-07,,2,4,15,35,37
2021-02-08,,8,10,19,24,35
2021-02-09,,4,8,22,25,35
2021-02-10,,6,8,10,32,38
2021-02-11,,5,15,18,35,36
2021-02-12,,15,19,21,23,26
2021-02-13,,1,25,26,27,37
2021-02-14,,9,10,13,22,30
2021-02-15,,1,3,23,30,35
2021-02-16,,4,17,18,22,25
2021-02-17,,9,11,14,20,35
2021-02-18,,5,10,11,26,36
2021-02-19,,5,8,11,14,23
2021-02-20,,9,12,21,28,31
2021-02-21,,3,9,12,36,37
2021-02-22,,3,6,19,26,36
2021-02-23,,1,2,7,17,38
2021-02-24,,9,13,16,21,36
2021-02-25,,13,22,23,24,25
2021-02-26,,5,9,26,32,38
2021-02-27,,7,8,16,20,33
2021-02-28,,5,6,9,22,32
2021-03-01,,10,15,18,20,27
2021-03-02,,16,19,24,28,32
2021-03-03,,3,7,9,10,12
2021-03-04,,3,12,20,25,30
2021-03-05,,1,8,11,12,18
2021-03-06,,6,8,10,15,33
2021-03-07,,3,21,27,32,34
2021-03-08,,7,12,30,32,34
2021-03-09,,5,11,15,31,38
2021-03-10,,5,10,15,28,33
2021-03-11,,2,15,29,32,39
2021-03-12,,3,15,34,36,39
2021-03-13,,4,16,24,29,38
2021-03-14,,19,20,22,31,39
2021-03-15,,1,4,21,23,34
2021-03-16,,6,7,9,19,28
2021-03-17,,3,11,13,22,23
2021-03-18,,5,13,15,18,26
2021-03-19,,8,10,24,25,31
2021-03-20,,8,19,23,29,33
2021-03-21,,4,9,23,26,35
2021-03-22,,5,6,7,17,27
2021-03-23,,2,5,32,33,37
2021-03-24,,25,26,31,36,38
2021-03-25,,8,14,23,25,28
2021-03-26,,5,15,20,24,26
2021-03-27,,2,4,22,26,35
2021-03-28,,6,17,18,26,27
2021-03-29,,2,24,29,34,37
2021-03-30,,6,24,28,33,38
2021-03-31,,1,9,11,14,18
2021-04-01,,2,8,21,22,35
2021-04-02,,17,26,27,28,29
2021-04-03,,9,10,17,32,34
2021-04-04,,7,9,25,26,27
2021-04-05,,4,5,28,31,36
2021-04-06,,9,11,23,28,30
2021-04-07,,2,16,21,37,38
2021-04-08,,19,21,26,30,33
2021-04-09,,5,10,25,27,38
2021-04-10,,14,19,20,24,28
2021-04-11,,1,4,11,20,25
2021-04-12,,10,12,23,30,35
2021-04-13,,30,31,32,34,35
2021-04-14,,10,13,15,28,31
2021-04-15,,6,27,28,32,36
2021-04-16,,2,8,24,31,33
2021-04-17,,8,19,20,22,36
2021-04-18,,3,6,19,22,24
2021-04-19,,11,14,19,38,39
2021-04-20,,10,12,16,21,25
2021-04-21,,7,20,25,26,32
2021-04-22,,5,23,24,27,33
2021-04-23,,5,10,33,35,37
2021-04-24,,3,11,22,30,34
2021-04-25,,7,12,26,33,39
2021-04-26,,6,22,24,34,39
2021-04-27,,5,11,12,14,39
2021-04-28,,2,13,20,23,35
2021-04-29,,2,11,19,27,37
2021-04-30,,6,19,24,28,29
2021-05-01,,1,3,4,5,16
2021-05-02,,24,31,33,34,39
2021-05-03,,3,4,30,33,39
2021-05-04,,3,17,18,30,31
2021-05-05,,8,13,19,23,39
2021-05-06,,7,15,21,28,31
2021-05-07,,9,15,17,34,39
2021-05-08,,7,9,15,21,27
2021-05-09,,21,26,31,32,36
2021-05-10,,2,12,22,24,36
2021-05-11,,2,4,7,8,18
2021-05-12,,7,13,19,30,39
2021-05-13,,4,5,6,21,33
2021-05-14,,13,19,21,28,29
2021-05-15,,6,10,20,36,39
2021-05-16,,1,16,23,29,33
2021-05-17,,15,20,22,29,36
2021-05-18,,8,18,22,23,31
2021-05-19,,4,9,14,25,39
2021-05-20,,7,17,25,29,38
2021-05-21,,1,2,9,17,35
2021-05-22,,7,15,17,29,39
2021-05-23,,4,11,22,26,32
2021-05-24,,9,13,17,18,33
2021-05-25,,10,13,15,23,38
2021-05-26,,10,11,14,20,39
2021-05-27,,8,10,16,20,35
2021-05-28,,5,9,12,14,34
2021-05-29,,3,8,11,28,34
2021-05-30,,1,7,29,33,39
2021-05-31,,1,4,9,27,33
2021-06-01,,10,14,16,27,38
2021-06-02,,5,11,15,27,33
2021-06-03,,5,10,29,33,36
2021-06-04,,6,11,26,33,36
2021-06-05,,2,5,29,31,35
2021-06-06,,4,7,18,22,32
2021-06-07,,1,16,23,33,35
2021-06-08,,1,4,7,11,13
2021-06-09,,3,4,8,21,26
2021-06-10,,10,16,26,28,29
2021-06-11,,2,22,23,29,37
2021-06-12,,6,7,23,28,39
2021-06-13,,4,8,15,26,27
2021-06-14,,1,12,29,33,38
2021-06-15,,7,11,18,22,28
2021-06-16,,1,2,4,13,29
2021-06-17,,19,26,27,35,37
2021-06-18,,5,7,29,34,38
2021-06-19,,1,7,26,37,38
2021-06-20,,14,17,25,29,33
2021-06-21,,2,7,22,27,31
2021-06-22,,5,11,19,27,39
2021-06-23,,7,12,13,27,38
2021-06-24,,4,12,26,29,33
2021-06-25,,16,18,27,28,33
2021-06-26,,25,31,32,34,39
2021-06-27,,18,19,29,35,39
2021-06-28,,2,4,26,28,32
2021-06-29,,10,22,33,37,39
2021-06-30,,1,3,31,32,37
2021-07-01,,21,28,34,36,38
2021-07-02,,3,11,13,33,39
2021-07-03,,3,6,33,36,38
2021-07-04,,6,12,13,27,31
2021-07-05,,11,19,24,29,38
2021-07-06,,9,21,23,33,34
2021-07-07,,1,16,28,36,38
2021-07-08,,4,9,15,31,39
2021-07-09,,7,13,25,36,39
2021-07-10,,17,24,30,37,39
2021-07-11,,10,13,19,32,36
2021-07-12,,7,23,25,32,39
2021-07-13,,1,3,7,14,26
2021-07-14,,6,8,14,23,34
2021-07-15,,6,15,18,19,29
2021-07-16,,3,5,8,12,22
2021-07-17,,8,22,26,27,39
2021-07-18,,13,14,22,23,30
2021-07-19,,17,18,22,29,39
2021-07-20,,1,14,21,29,37
2021-07-21,,2,14,29,32,33
2021-07-22,,7,14,18,31,38
2021-07-23,,19,26,27,36,38
2021-07-24,,3,14,16,25,28
2021-07-25,,5,13,21,25,29
2021-07-26,,15,17,21,29,39
2021-07-27,,6,18,19,26,29
2021-07-28,,3,22,25,31,37
2021-07-29,,13,16,17,24,34
2021-07-30,,13,17,22,35,38
2021-07-31,,8,21,24,35,36
2021-08-01,,5,6,15,25,32
2021-08-02,,1,20,21,31,39
2021-08-03,,1,3,10,22,30
2021-08-04,,13,19,21,30,34
2021-08-05,,6,15,26,28,38
2021-08-06,,1,6,24,28,30
2021-08-07,,14,17,29,31,36
2021-08-08,,7,11,13,20,32
2021-08-09,,3,7,20,23,39
2021-08-10,,2,6,9,12,15
2021-08-11,,25,33,36,37,38
2021-08-12,,10,11,18,22,34
2021-08-13,,3,16,20,31,35
2021-08-14,,7,16,18,28,37
2021-08-15,,8,12,19,27,30
2021-08-16,,6,12,17,18,20
2021-08-17,,4,17,28,29,38
2021-08-18,,3,15,18,28,33
2021-08-19,,1,9,12,14,21
2021-08-20,,4,11,21,27,37
2021-08-21,,3,5,26,29,32
2021-08-22,,6,16,24,28,30
2021-08-23,,6,7,12,17,34
2021-08-24,,6,19,23,30,35
2021-08-25,,2,18,21,22,24
2021-08-26,,10,19,23,25,30
2021-08-27,,10,13,21,28,34
2021-08-28,,2,6,14,36,39
2021-08-29,,15,16,17,26,31
2021-08-30,,1,5,10,28,31
2021-08-31,,8,9,20,28,30
2021-09-01,,9,18,19,26,27
2021-09-02,,1,7,16,23,29
2021-09-03,,5,6,9,18,24
2021-09-04,,6,25,32,33,35
2021-09-05,,11,16,34,38,39
2021-09-06,,7,8,16,28,34
2021-09-07,,3,16,24,33,35
2021-09-08,,8,12,17,26,34
2021-09-09,,11,13,15,19,24
2021-09-10,,11,13,29,36,39
2021-09-11,,5,23,29,36,39
2021-09-12,,7,13,19,32,33
2021-09-13,,1,5,6,13,31
2021-09-14,,2,8,16,25,32
2021-09-15,,6,8,24,36,38
2021-09-16,,9,14,26,28,30
2021-09-17,,2,17,23,30,32
2021-09-18,,5,6,7,26,30
2021-09-19,,10,16,18,19,34
2021-09-20,,10,11,31,34,37
2021-09-21,,2,15,27,37,38
2021-09-22,,11,18,23,29,31
2021-09-23,,2,15,22,25,36
2021-09-24,,5,9,22,32,37
2021-09-25,,2,3,15,16,31
2021-09-26,,3,19,24,28,32
2021-09-27,,14,17,28,32,33
2021-09-28,,2,4,5,19,31
2021-09-29,,6,9,22,31,33
2021-09-30,,4,14,23,28,38
2021-10-01,,7,14,15,25,33
2021-10-02,,17,24,26,38,39
2021-10-03,,1,32,36,37,39
2021-10-04,,3,13,17,18,26
2021-10-05,,6,20,28,29,35
2021-10-06,,3,8,16,19,21
2021-10-07,,2,7,14,21,22
2021-10-08,,3,9,10,38,39
2021-10-09,,4,15,20,28,30
2021-10-10,,6,8,11,29,39
2021-10-11,,2,15,20,24,34
2021-10-12,,5,12,15,32,39
2021-10-13,,5,7,8,19,30
2021-10-14,,17,22,30,35,36
2021-10-15,,2,8,11,31,38
2021-10-16,,8,13,16,21,24
2021-10-17,,4,25,29,33,35
2021-10-18,,7,17,18,21,24
2021-10-19,,13,17,34,37,38
2021-10-20,,2,3,4,28,39
2021-10-21,,3,7,21,34,35
2021-10-22,,2,5,12,18,24
2021-10-23,,9,12,14,21,34
2021-10-24,,4,14,17,18,30
2021-10-25,,4,11,30,32,39
2021-10-26,,1,12,27,31,36
2021-10-27,,1,3,8,31,39
2021-10-28,,11,14,20,33,37
2021-10-29,,2,7,12,13,29
2021-10-30,,1,5,17,37,39
2021-10-31,,5,12,21,27,31
2021-11-01,,12,18,23,27,33
2021-11-02,,7,8,15,19,22
2021-11-03,,6,11,12,14,18
2021-11-04,,6,28,31,32,33
2021-11-05,,6,11,15,29,31
2021-11-06,,4,6,13,30,34
2021-11-07,,10,14,29,30,39
2021-11-08,,6,11,17,30,33
2021-11-09,,11,13,14,32,38
2021-11-10,,1,11,21,23,27
2021-11-11,,2,6,11,20,38
2021-11-12,,13,14,21,35,37
2021-11-13,,18,20,27,32,35
2021-11-14,,3,11,12,15,32
2021-11-15,,6,9,18,27,38
2021-11-16,,8,12,18,27,34
2021-11-17,,14,15,20,22,35
2021-11-18,,4,7,14,19,31
2021-11-19,,4,6,12,25,33
2021-11-20,,3,13,14,29,33
2021-11-21,,19,22,26,33,36
2021-11-22,,3,14,29,36,38
2021-11-23,,6,16,23,34,37
2021-11-24,,3,5,15,18,36
2021-11-25,,1,4,8,12,33
2021-11-26,,5,9,27,33,37
2021-11-27,,9,20,27,30,37
2021-11-28,,4,16,25,30,39
2021-11-29,,4,10,31,33,38
2021-11-30,,13,17,20,29,31
2021-12-01,,1,2,12,13,14
2021-12-02,,9,28,30,34,35
2021-12-03,,8,15,20,22,32
2021-12-04,,2,9,10,26,38
2021-12-05,,1,3,4,29,31
2021-12-06,,7,9,10,33,37
2021-12-07,,12,15,28,33,36
2021-12-08,,1,21,23,33,37
2021-12-09,,2,8,14,31,39
2021-12-10,,4,7,12,13,14
2021-12-11,,9,12,17,29,31
2021-12-12,,13,21,26,30,38
2021-12-13,,1,2,18,20,30
2021-12-14,,19,21,29,34,36
2021-12-15,,2,8,21,29,32
2021-12-16,,1,2,8,11,38
2021-12-17,,5,10,14,18,29
2021-12-18,,6,9,12,25,36
2021-12-19,,11,12,18,21,23
2021-12-20,,7,13,25,28,34
2021-12-21,,1,9,11,17,31
2021-12-22,,2,5,13,17,25
2021-12-23,,4,11,30,31,38
2021-12-24,,9,15,22,33,35
2021-12-25,,8,9,23,27,38
2021-12-26,,3,8,24,38,39
2021-12-27,,7,11,24,30,39
2021-12-28,,7,11,16,19,39
2021-12-29,,2,9,22,24,27
2021-12-30,,9,12,18,34,39
2021-12-31,,6,13,16,17,18
2022-01-01,,8,30,31,35,36
2022-01-02,,2,5,25,26,38
2022-01-03,,6,11,24,31,33
2022-01-04,,10,12,15,27,35
2022-01-05,,16,17,30,31,39
2022-01-06,,1,6,8,18,38
2022-01-07,,5,12,18,22,33
2022-01-08,,5,11,27,28,35
2022-01-09,,3,8,10,17,21
2022-01-10,,9,18,27,29,37
2022-01-11,,5,11,15,31,38
2022-01-12,,8,13,15,22,33
2022-01-13,,13,19,28,35,38
2022-01-14,,13,24,30,33,38
2022-01-15,,7,16,17,22,26
2022-01-16,,3,9,12,16,39
2022-01-17,,8,15,26,28,29
2022-01-18,,5,20,26,27,37
2022-01-19,,24,33,35,37,38
2022-01-20,,3,12,15,32,36
2022-01-21,,1,8,14,31,36
2022-01-22,,10,22,24,29,32
2022-01-23,,6,21,27,36,38
2022-01-24,,6,7,19,24,27
2022-01-25,,2,3,4,6,15
2022-01-26,,6,14,23,28,38
2022-01-27,,5,8,17,35,37
2022-01-28,,13,31,32,38,39
2022-01-29,,6,9,21,33,37
2022-01-30,,1,3,4,9,26
2022-01-31,,9,14,15,36,38
2022-02-01,,2,6,21,25,31
2022-02-02,,7,10,26,33,39
2022-02-03,,6,19,21,27,34
2022-02-04,,14,17,18,37,39
2022-02-05,,4,5,6,24,36
2022-02-06,,13,20,25,30,34
2022-02-07,,6,20,28,31,38
2022-02-08,,13,14,20,35,38
2022-02-09,,6,18,25,38,39
2022-02-10,,4,6,17,23,25
2022-02-11,,4,11,27,30,32
2022-02-12,,9,11,17,29,32
2022-02-13,,3,4,21,24,27
2022-02-14,,14,24,29,33,36
2022-02-15,,14,17,21,25,27
2022-02-16,,7,21,26,27,30
2022-02-17,,13,23,32,36,38
2022-02-18,,3,7,19,22,36
2022-02-19,,4,13,27,34,39
2022-02-20,,4,7,19,22,33
2022-02-21,,9,19,30,31,36
2022-02-22,,4,9,19,20,22
2022-02-23,,1,2,7,12,30
2022-02-24,,2,8,19,27,32
2022-02-25,,8,9,19,37,38
2022-02-26,,2,11,23,35,37
2022-02-27,,3,13,19,26,27
2022-02-28,,5,16,27,33,35
2022-03-01,,14,17,20,23,38
2022-03-02,,1,3,9,21,29
2022-03-03,,1,2,4,11,19
2022-03-04,,4,16,21,28,33
2022-03-05,,9,18,24,30,32
2022-03-06,,22,28,33,35,36
2022-03-07,,4,8,11,19,39
2022-03-08,,3,13,24,34,36
2022-03-09,,2,10,11,12,25
2022-03-10,,14,18,19,20,29
2022-03-11,,9,11,14,18,37
2022-03-12,,3,4,20,21,23
2022-03-13,,7,15,22,25,37
2022-03-14,,4,7,14,16,34
2022-03-15,,6,13,27,30,38
2022-03-16,,6,12,15,23,32
2022-03-17,,5,17,18,21,38
2022-03-18,,7,15,19,29,36
2022-03-19,,6,16,19,29,35
2022-03-20,,5,15,17,19,23
2022-03-21,,13,18,19,25,26
2022-03-22,,6,16,20,30,33
2022-03-23,,16,18,30,33,36
2022-03-24,,7,13,14,21,26
2022-03-25,,9,30,31,32,39
2022-03-26,,7,9,23,28,30
2022-03-27,,7,13,21,33,36
2022-03-28,,2,9,12,20,37
2022-03-29,,12,17,21,22,28
2022-03-30,,3,14,22,25,28
2022-03-31,,7,22,23,28,31
2022-04-01,,12,17,18,23,35
2022-04-02,,22,24,26,27,39
2022-04-03,,7,15,16,18,31
2022-04-04,,10,15,22,35,39
2022-04-05,,6,10,11,28,38
2022-04-06,,13,15,17,30,36
2022-04-07,,5,21,26,31,33
2022-04-08,,3,9,14,37,39
2022-04-09,,16,17,22,26,28
2022-04-10,,6,10,12,14,34
2022-04-11,,8,10,16,30,33
2022-04-12,,10,22,25,28,30
2022-04-13,,3,13,20,27,35
2022-04-14,,4,12,17,18,22
2022-04-15,,18,24,28,31,39
2022-04-16,,2,8,12,19,39
2022-04-17,,15,17,25,32,39
2022-04-18,,22,26,29,34,38
2022-04-19,,15,16,22,23,27
2022-04-20,,9,12,32,36,39
2022-04-21,,2,25,34,36,37
2022-04-22,,5,10,13,16,18
2022-04-23,,1,2,21,22,31
2022-04-24,,13,16,20,29,32
2022-04-25,,5,6,7,32,34
2022-04-26,,9,15,22,27,29
2022-04-27,,3,18,21,24,35
2022-04-28,,1,4,18,23,25
2022-04-29,,20,24,25,37,38
2022-04-30,,2,9,16,21,30
2022-05-01,,3,6,9,36,39
2022-05-02,,8,14,29,36,37
2022-05-03,,11,13,29,34,38
2022-05-04,,1,12,27,29,38
2022-05-05,,7,16,26,33,35
2022-05-06,,2,11,18,21,27
2022-05-07,,3,9,14,25,26
2022-05-08,,13,15,25,26,35
2022-05-09,,2,3,9,25,39
2022-05-10,,5,8,24,25,35
2022-05-11,,1,9,22,23,35
2022-05-12,,13,15,19,21,23
2022-05-13,,7,8,13,18,21
2022-05-14,,2,10,13,21,27
2022-05-15,,6,8,10,19,34
2022-05-16,,2,8,9,15,33
2022-05-17,,3,4,7,29,34
2022-05-18,,5,22,24,32,35
2022-05-19,,2,18,20,25,32
2022-05-20,,2,24,35,37,38
2022-05-21,,13,17,25,34,37
2022-05-22,,4,8,25,35,39
2022-05-23,,2,13,27,28,32
2022-05-24,,14,27,33,37,38
2022-05-25,,5,8,11,18,23
2022-05-26,,15,25,27,30,36
2022-05-27,,11,13,19,20,27
2022-05-28,,6,16,18,20,38
2022-05-29,,21,33,35,37,38
2022-05-30,,4,7,10,26,30
2022-05-31,,3,5,11,14,29
2022-06-01,,22,29,33,36,38
2022-06-02,,5,8,11,19,39
2022-06-03,,5,7,17,19,37
2022-06-04,,8,10,11,14,28
2022-06-05,,4,8,10,26,27
2022-06-06,,5,10,12,26,34
2022-06-07,,8,20,21,33,37
2022-06-08,,7,12,14,28,39
2022-06-09,,1,4,10,17,27
2022-06-10,,10,13,15,26,27
2022-06-11,,1,3,11,17,23
2022-06-12,,3,5,29,34,36
2022-06-13,,6,12,14,20,27
2022-06-14,,6,22,28,31,39
2022-06-15,,4,15,24,33,35
2022-06-16,,2,11,22,26,34
2022-06-17,,11,14,17,23,30
2022-06-18,,4,7,8,30,34
2022-06-19,,10,19,20,30,34
2022-06-20,,4,10,26,31,39
2022-06-21,,9,14,15,17,35
2022-06-22,,6,18,19,20,29
2022-06-23,,7,15,18,20,36
2022-06-24,,4,8,9,30,32
2022-06-25,,5,9,27,36,39
2022-06-26,,1,12,22,37,38
2022-06-27,,11,19,27,28,39
2022-06-28,,7,9,12,15,23
2022-06-29,,5,7,9,12,37
2022-06-30,,10,16,24,25,34
2022-07-01,,5,20,23,32,39
2022-07-02,,7,8,11,22,24
2022-07-03,,4,19,33,36,39
2022-07-04,,3,6,7,11,24
2022-07-05,,13,24,26,36,37
2022-07-06,,4,11,12,22,32
2022-07-07,,8,17,21,22,32
2022-07-08,,13,28,31,34,36
2022-07-09,,1,4,25,26,30
2022-07-10,,7,8,13,31,39
2022-07-11,,15,16,17,18,28
2022-07-12,,4,8,19,22,39
2022-07-13,,11,16,21,30,37
2022-07-14,,20,29,31,33,38
2022-07-15,,6,7,9,18,21
2022-07-16,,29,30,32,34,37
2022-07-17,,4,5,11,20,30
2022-07-18,,7,18,24,33,34
2022-07-19,,2,9,13,29,36
2022-07-20,,1,2,12,23,35
2022-07-21,,2,17,19,24,36
2022-07-22,,8,10,11,13,25
2022-07-23,,7,16,27,33,37
2022-07-24,,7,23,24,26,29
2022-07-25,,15,17,24,29,31
2022-07-26,,7,12,24,33,35
2022-07-27,,5,6,18,33,35
2022-07-28,,3,13,25,30,31
2022-07-29,,5,23,26,34,38
2022-07-30,,9,14,16,25,33
2022-07-31,,2,8,27,29,35
2022-08-01,,1,3,5,15,33
2022-08-02,,11,27,28,32,34
2022-08-03,,1,15,17,27,37
2022-08-04,,7,12,13,24,25
2022-08-05,,2,12,16,19,38
2022-08-06,,11,13,14,26,30
2022-08-07,,6,16,22,34,36
2022-08-08,,9,11,13,15,23
2022-08-09,,9,14,27,31,38
2022-08-10,,5,17,23,26,28
2022-08-11,,3,8,9,35,36
2022-08-12,,1,15,26,27,33
2022-08-13,,9,23,26,27,37
2022-08-14,,2,16,18,20,39
2022-08-15,,7,18,29,33,38
2022-08-16,,1,11,18,25,29
2022-08-17,,14,20,21,26,32
2022-08-18,,21,22,28,29,35
2022-08-19,,1,13,26,29,35
2022-08-20,,4,11,27,38,39
2022-08-21,,12,13,16,18,29
2022-08-22,,1,4,15,24,36
2022-08-23,,9,10,16,22,35
2022-08-24,,4,11,15,30,37
2022-08-25,,4,6,15,19,30
2022-08-26,,3,10,15,16,19
2022-08-27,,3,5,22,37,39
2022-08-28,,8,9,28,34,39
2022-08-29,,6,12,13,20,34
2022-08-30,,4,10,15,33,37
2022-08-31,,8,13,28,29,31
2022-09-01,,1,3,8,11,38
2022-09-02,,8,10,11,15,30
2022-09-03,,14,18,26,31,38
2022-09-04,,4,6,9,18,30
2022-09-05,,13,21,24,27,37
2022-09-06,,1,18,24,31,34
2022-09-07,,21,27,29,36,38
2022-09-08,,12,17,25,29,32
2022-09-09,,1,5,12,17,32
2022-09-10,,9,14,16,35,37
2022-09-11,,7,16,20,24,39
2022-09-12,,10,12,14,27,31
2022-09-13,,5,6,18,27,39
2022-09-14,,2,8,17,23,29
2022-09-15,,19,22,34,38,39
2022-09-16,,1,4,13,17,38
2022-09-17,,19,27,33,35,36
2022-09-18,,4,14,15,34,35
2022-09-19,,3,20,24,25,32
2022-09-20,,2,3,17,24,39
2022-09-21,,1,9,22,34,38
2022-09-22,,7,14,28,30,33
2022-09-23,,1,23,29,30,31
2022-09-24,,1,2,4,10,13
2022-09-25,,5,8,15,28,32
2022-09-26,,7,17,19,20,35
2022-09-27,,7,9,22,23,36
2022-09-28,,12,13,18,22,23
2022-09-29,,18,26,31,32,37
2022-09-30,,2,23,34,36,38
2022-10-01,,1,9,19,33,37
2022-10-02,,9,11,16,25,30
2022-10-03,,7,8,21,37,38
2022-10-04,,1,2,3,14,35
2022-10-05,,11,16,23,31,38
2022-10-06,,6,15,27,35,37
2022-10-07,,1,7,16,31,35
2022-10-08,,4,6,14,33,38
2022-10-09,,5,9,11,21,36
2022-10-10,,1,18,33,35,37
2022-10-11,,1,3,23,25,27
2022-10-12,,2,26,27,29,37
2022-10-13,,1,2,6,8,15
2022-10-14,,19,23,28,35,37
2022-10-15,,3,6,18,31,38
2022-10-16,,21,22,31,34,37
2022-10-17,,2,12,18,21,29
2022-10-18,,3,13,19,35,39
2022-10-19,,6,9,16,24,27
2022-10-20,,1,3,5,18,20
2022-10-21,,8,11,15,27,31
2022-10-22,,6,8,12,19,21
2022-10-23,,12,24,31,35,37
2022-10-24,,1,5,10,19,38
2022-10-25,,12,19,32,34,35
2022-10-26,,19,20,29,31,36
2022-10-27,,5,9,18,19,28
2022-10-28,,4,14,21,26,34
2022-10-29,,1,3,27,29,32
2022-10-30,,5,20,23,26,39
2022-10-31,,4,12,21,33,36
2022-11-01,,1,9,18,24,37
2022-11-02,,3,11,26,29,37
2022-11-03,,10,14,16,27,33
2022-11-04,,1,9,20,29,30
2022-11-05,,1,2,3,35,36
2022-11-06,,2,4,5,9,36
2022-11-07,,3,6,7,22,24
2022-11-08,,1,8,15,22,34
2022-11-09,,3,10,29,36,39
2022-11-10,,2,7,9,10,11
2022-11-11,,1,20,23,34,39
2022-11-12,,8,10,14,23,39
2022-11-13,,6,13,21,30,31
2022-11-14,,16,17,23,27,37
2022-11-15,,2,6,7,11,28
2022-11-16,,5,8,16,25,33
2022-11-17,,7,9,11,31,39
2022-11-18,,10,19,29,32,38
2022-11-19,,17,23,26,29,30
2022-11-20,,11,24,28,36,37
2022-11-21,,4,19,32,36,39
2022-11-22,,10,15,18,26,28
2022-11-23,,8,10,24,38,39
2022-11-24,,18,20,29,31,32
2022-11-25,,14,21,25,29,35
2022-11-26,,8,24,26,37,39
2022-11-27,,18,25,29,33,35
2022-11-28,,4,5,18,19,23
2022-11-29,,12,25,27,35,38
2022-11-30,,2,8,11,25,33
2022-12-01,,8,9,11,12,25
2022-12-02,,15,17,19,22,26
2022-12-03,,9,10,15,19,34
2022-12-04,,4,7,14,27,38
2022-12-05,,8,9,19,29,38
2022-12-06,,2,3,17,35,38
2022-12-07,,1,4,10,29,36
2022-12-08,,5,12,17,18,29
2022-12-09,,13,15,33,37,38
2022-12-10,,5,6,10,24,31
2022-12-11,,8,9,33,35,38
2022-12-12,,3,13,14,15,33
2022-12-13,,6,9,20,26,39
2022-12-14,,6,15,21,29,38
2022-12-15,,6,21,25,28,39
2022-12-16,,17,18,23,33,34
2022-12-17,,5,10,15,29,32
2022-12-18,,9,11,12,27,30
2022-12-19,,10,20,27,34,37
2022-12-20,,18,25,27,28,37
2022-12-21,,1,7,28,29,39
2022-12-22,,6,17,28,29,35
2022-12-23,,1,20,21,30,38
2022-12-24,,2,10,13,30,32
2022-12-25,,5,13,19,24,33
2022-12-26,,1,3,10,26,28
2022-12-27,,16,27,33,37,38
2022-12-28,,1,11,30,34,35
2022-12-29,,4,24,26,31,37
2022-12-30,,13,17,22,31,39
2022-12-31,,4,22,26,33,38
2023-01-01,,8,11,27,37,38
2023-01-02,,1,3,8,10,26
2023-01-03,,8,10,12,15,33
2023-01-04,,2,12,14,17,38
2023-01-05,,17,19,26,30,39
2023-01-06,,13,14,23,25,37
2023-01-07,,3,19,26,28,32
2023-01-08,,10,16,22,31,34
2023-01-09,,5,17,18,28,39
2023-01-10,,13,17,21,24,28
2023-01-11,,7,9,16,27,32
2023-01-12,,2,6,22,23,27
2023-01-13,,12,16,32,38,39
2023-01-14,,9,23,24,30,38
2023-01-15,,8,21,22,28,38
2023-01-16,,19,29,35,37,39
2023-01-17,,2,16,31,34,38
2023-01-18,,11,12,14,21,26
2023-01-19,,1,12,18,25,35
2023-01-20,,6,18,28,32,39
2023-01-21,,1,7,18,37,38
2023-01-22,,2,16,22,30,36
2023-01-23,,10,15,20,32,39
2023-01-24,,1,14,21,32,39
2023-01-25,,9,19,21,33,36
2023-01-26,,12,15,17,26,39
2023-01-27,,1,26,27,30,39
2023-01-28,,8,13,28,30,35
2023-01-29,,8,10,22,26,30
2023-01-30,,13,19,33,36,39
2023-01-31,,2,13,25,32,37
2023-02-01,,8,16,23,24,26
2023-02-02,,11,16,25,30,32
2023-02-03,,3,4,13,15,25
2023-02-04,,21,22,33,36,39
2023-02-05,,9,22,27,30,33
2023-02-06,,3,8,18,22,35
2023-02-07,,6,10,16,25,32
2023-02-08,,2,22,29,30,39
2023-02-09,,4,16,19,28,33
2023-02-10,,9,18,30,35,37
2023-02-11,,7,8,23,31,36
2023-02-12,,2,7,9,10,39
2023-02-13,,2,11,12,15,22
2023-02-14,,3,9,11,17,28
2023-02-15,,11,12,34,37,38
2023-02-16,,25,28,30,37,39
2023-02-17,,5,14,25,32,34
2023-02-18,,7,11,15,36,38
2023-02-19,,2,5,11,20,23
2023-02-20,,3,10,25,27,39
2023-02-21,,7,10,22,23,31
2023-02-22,,2,7,9,27,34
2023-02-23,,8,11,33,34,38
2023-02-24,,6,7,8,34,35
2023-02-25,,2,10,11,29,34
2023-02-26,,24,25,26,28,39
2023-02-27,,2,10,14,31,33
2023-02-28,,13,18,22,25,34
2023-03-01,,12,22,27,37,39
2023-03-02,,5,12,19,23,39
2023-03-03,,5,16,31,32,37
2023-03-04,,2,5,16,32,33
2023-03-05,,3,11,30,35,37
2023-03-06,,5,7,12,15,17
2023-03-07,,1,4,5,13,29
2023-03-08,,1,13,22,27,37
2023-03-09,,4,6,19,30,35
2023-03-10,,4,10,29,36,39
2023-03-11,,1,2,14,28,31
2023-03-12,,1,21,22,37,39
2023-03-13,,1,3,10,13,39
2023-03-14,,5,8,18,26,36
2023-03-15,,4,6,17,30,33
2023-03-16,,11,18,26,34,39
2023-03-17,,9,11,18,32,38
2023-03-18,,7,13,22,28,29
2023-03-19,,1,6,9,10,13
2023-03-20,,15,26,34,37,38
2023-03-21,,1,2,4,7,25
2023-03-22,,4,10,11,15,33
2023-03-23,,4,8,27,28,29
2023-03-24,,1,15,16,20,26
2023-03-25,,3,5,7,12,31
2023-03-26,,5,12,20,24,30
2023-03-27,,2,10,27,32,36
2023-03-28,,1,7,9,14,36
2023-03-29,,1,14,18,22,35
2023-03-30,,3,16,24,31,36
2023-03-31,,1,13,29,33,36
2023-04-01,,2,10,15,30,36
2023-04-02,,8,16,17,20,37
2023-04-03,,9,10,18,29,32
2023-04-04,,1,4,14,23,27
2023-04-05,,1,9,18,23,30
2023-04-06,,7,8,16,27,39
2023-04-07,,5,8,11,20,34
2023-04-08,,4,17,21,23,38
2023-04-09,,15,24,26,27,37
2023-04-10,,14,16,20,25,39
2023-04-11,,21,23,26,28,30
2023-04-12,,9,13,19,29,37
2023-04-13,,7,12,25,28,37
2023-04-14,,1,5,11,19,30
2023-04-15,,3,13,19,32,35
2023-04-16,,15,21,24,28,36
2023-04-17,,7,10,14,15,33
2023-04-18,,8,11,16,23,27
2023-04-19,,2,9,15,28,34
2023-04-20,,7,12,27,31,39
2023-04-21,,7,11,17,29,35
2023-04-22,,7,12,25,30,31
2023-04-23,,2,13,15,19,36
2023-04-24,,7,11,13,14,38
2023-04-25,,2,5,12,13,29
2023-04-26,,5,11,15,32,34
2023-04-27,,13,15,22,26,33
2023-04-28,,3,5,31,34,36
2023-04-29,,2,17,19,35,37
2023-04-30,,14,17,23,33,35
2023-05-01,,4,15,22,26,32
2023-05-02,,3,4,11,16,31
2023-05-03,,10,16,22,31,37
2023-05-04,,5,13,35,37,39
2023-05-05,,10,20,22,28,33
2023-05-06,,5,11,19,28,35
2023-05-07,,18,19,26,30,36
2023-05-08,,8,16,20,23,38
2023-05-09,,10,11,21,29,32
2023-05-10,,9,15,25,29,34
2023-05-11,,1,8,17,22,28
2023-05-12,,10,15,18,24,26
2023-05-13,,24,27,30,33,36
2023-05-14,,17,19,23,27,36
2023-05-15,,1,3,6,10,39
2023-05-16,,9,33,34,38,39
2023-05-17,,3,11,18,23,24
2023-05-18,,6,15,17,23,31
2023-05-19,,6,22,31,32,35
2023-05-20,,6,11,14,23,33
2023-05-21,,10,14,30,32,35
2023-05-22,,3,23,28,29,36
2023-05-23,,14,19,25,30,39
2023-05-24,,17,18,21,34,38
2023-05-25,,5,10,23,35,37
2023-05-26,,8,11,25,27,29
2023-05-27,,7,11,28,31,34
2023-05-28,,10,12,18,29,34
2023-05-29,,2,4,12,15,16
2023-05-30,,8,10,12,30,37
2023-05-31,,8,13,24,36,39
2023-06-01,,2,8,21,25,32
2023-06-02,,3,8,11,29,33
2023-06-03,,3,13,21,31,33
2023-06-04,,4,29,33,34,39
2023-06-05,,1,11,17,19,23
2023-06-06,,10,14,18,38,39
2023-06-07,,18,20,25,27,31
2023-06-08,,12,16,21,23,28
2023-06-09,,24,25,30,38,39
2023-06-10,,5,29,34,35,39
2023-06-11,,6,20,22,32,37
2023-06-12,,5,7,12,24,27
2023-06-13,,9,12,26,32,35
2023-06-14,,5,10,16,19,30
2023-06-15,,6,22,29,31,34
2023-06-16,,7,21,29,36,39
2023-06-17,,10,12,25,27,34
2023-06-18,,2,9,13,14,39
2023-06-19,,5,17,21,31,34
2023-06-20,,16,25,30,31,35
2023-06-21,,18,23,27,34,35
2023-06-22,,6,12,17,32,37
2023-06-23,,11,14,18,30,38
2023-06-24,,7,11,15,19,23
2023-06-25,,8,11,17,19,28
2023-06-26,,9,13,33,34,36
2023-06-27,,1,19,25,26,29
2023-06-28,,2,17,26,30,34
2023-06-29,,9,10,21,22,38
2023-06-30,,5,6,12,13,16
2023-07-01,,1,7,19,33,39
2023-07-02,,8,17,19,20,36
2023-07-03,,7,13,19,29,39
2023-07-04,,5,15,28,30,35
2023-07-05,,6,17,31,33,37
2023-07-06,,21,33,34,35,37
2023-07-07,,7,8,18,31,36
2023-07-08,,10,13,15,23,29
2023-07-09,,1,26,35,36,39
2023-07-10,,9,17,20,34,36
2023-07-11,,3,8,16,21,36
2023-07-12,,10,15,19,22,26
2023-07-13,,1,13,19,32,39
2023-07-14,,5,11,13,22,39
2023-07-15,,2,10,12,17,29
2023-07-16,,1,17,22,27,38
2023-07-17,,1,4,7,13,30
2023-07-18,,4,10,24,26,37
2023-07-19,,15,22,24,34,39
2023-07-20,,6,11,12,18,34
2023-07-21,,7,14,27,36,39
2023-07-22,,7,9,16,24,37
2023-07-23,,16,27,32,35,39
2023-07-24,,5,8,20,23,31
2023-07-25,,9,10,14,17,19
2023-07-26,,2,7,8,15,17
2023-07-27,,6,11,24,26,30
2023-07-28,,2,6,22,26,30
2023-07-29,,4,10,17,32,34
2023-07-30,,8,9,29,32,34
2023-07-31,,1,3,10,19,36
2023-08-01,,13,18,26,32,35
2023-08-02,,4,6,28,30,35
2023-08-03,,8,21,23,26,34
2023-08-04,,17,23,30,36,39
2023-08-05,,3,10,15,16,39
2023-08-06,,1,8,10,26,30
2023-08-07,,1,10,12,32,39
2023-08-08,,2,4,15,21,39
2023-08-09,,7,9,23,24,36
2023-08-10,,6,8,26,33,35
2023-08-11,,2,8,21,22,32
2023-08-12,,6,8,19,21,22
2023-08-13,,1,3,6,7,15
2023-08-14,,12,23,27,28,33
2023-08-15,,7,10,15,21,29
2023-08-16,,3,7,13,14,22
2023-08-17,,5,10,20,21,22
2023-08-18,,17,24,26,32,38
2023-08-19,,6,15,27,31,33
2023-08-20,,17,18,24,28,35
2023-08-21,,3,16,23,25,29
2023-08-22,,1,14,26,27,32
2023-08-23,,2,11,26,29,36
2023-08-24,,17,20,23,30,32
2023-08-25,,7,8,10,32,36
2023-08-26,,19,23,25,29,34
2023-08-27,,9,13,19,29,38
2023-08-28,,10,21,24,34,38
2023-08-29,,3,10,22,23,32
2023-08-30,,2,7,12,21,24
2023-08-31,,5,21,22,27,29
2023-09-01,,1,18,28,29,33
2023-09-02,,7,19,21,22,35
2023-09-03,,17,19,30,33,35
2023-09-04,,2,17,21,32,37
2023-09-05,,2,6,11,32,33
2023-09-06,,1,8,19,21,30
2023-09-07,,5,14,19,22,39
2023-09-08,,11,22,28,32,37
2023-09-09,,6,8,16,20,35
2023-09-10,,5,14,21,28,32
2023-09-11,,2,3,18,23,34
2023-09-12,,4,13,19,23,34
2023-09-13,,2,6,8,16,18
2023-09-14,,2,17,20,29,30
2023-09-15,,11,13,14,33,34
2023-09-16,,7,14,19,21,25
2023-09-17,,5,13,23,25,38
2023-09-18,,8,18,30,37,38
2023-09-19,,4,6,7,15,17
2023-09-20,,4,7,13,29,30
2023-09-21,,2,3,4,17,39
2023-09-22,,16,19,20,21,29
2023-09-23,,6,12,16,17,18
2023-09-24,,1,4,18,23,27
2023-09-25,,19,20,25,30,32
2023-09-26,,5,15,28,33,38
2023-09-27,,7,13,26,28,35
2023-09-28,,8,9,14,27,31
2023-09-29,,24,26,30,32,36
2023-09-30,,8,16,23,30,39
2023-10-01,,19,20,26,29,30
2023-10-02,,3,7,17,23,24
2023-10-03,,2,11,19,25,35
2023-10-04,,1,9,16,19,24
2023-10-05,,5,9,21,24,36
2023-10-06,,5,26,29,36,39
2023-10-07,,16,23,24,25,35
2023-10-08,,8,16,17,21,25
2023-10-09,,8,29,33,36,38
2023-10-10,,23,25,26,30,31
2023-10-11,,19,25,30,34,37
2023-10-12,,20,23,26,31,33
2023-10-13,,3,15,26,32,35
2023-10-14,,8,28,32,36,38
2023-10-15,,4,6,15,30,39
2023-10-16,,4,13,17,30,38
2023-10-17,,4,5,27,31,39
2023-10-18,,3,5,30,32,37
2023-10-19,,10,12,24,27,36
2023-10-20,,5,14,26,37,38
2023-10-21,,1,7,20,35,39
2023-10-22,,6,25,30,34,35
2023-10-23,,21,22,32,34,35
2023-10-24,,3,5,25,34,37
2023-10-25,,19,31,33,34,35
2023-10-26,,11,12,27,30,31
2023-10-27,,9,14,18,23,24
2023-10-28,,1,7,11,16,24
2023-10-29,,9,11,18,29,31
2023-10-30,,22,23,30,31,32
2023-10-31,,1,16,28,29,36
2023-11-01,,9,18,20,21,31
2023-11-02,,1,25,28,30,37
2023-11-03,,6,12,28,31,38
2023-11-04,,3,16,21,34,38
2023-11-05,,6,7,15,23,36
2023-11-06,,8,20,21,32,38
2023-11-07,,10,20,21,30,34
2023-11-08,,12,15,21,27,28
2023-11-09,,11,17,18,26,30
2023-11-10,,12,15,22,23,32
2023-11-11,,2,12,16,17,36
2023-11-12,,7,11,25,27,28
2023-11-13,,7,10,12,21,25
2023-11-14,,7,16,17,25,38
2023-11-15,,6,13,33,36,39
2023-11-16,,1,3,15,20,25
2023-11-17,,1,19,31,35,36
2023-11-18,,8,19,21,31,32
2023-11-19,,1,8,24,30,32
2023-11-20,,29,31,34,36,39
2023-11-21,,7,10,23,31,33
2023-11-22,,2,12,14,15,19
2023-11-23,,13,17,19,33,35
2023-11-24,,9,21,29,33,37
2023-11-25,,1,27,34,35,38
2023-11-26,,10,32,33,34,37
2023-11-27,,1,10,12,13,27
2023-11-28,,2,9,19,23,33
2023-11-29,,3,6,26,29,39
2023-11-30,,2,27,32,35,39
2023-12-01,,1,13,14,16,26
2023-12-02,,6,20,31,32,33
2023-12-03,,9,11,20,21,35
2023-12-04,,3,10,18,23,27
2023-12-05,,12,17,19,32,34
2023-12-06,,10,13,16,27,38
2023-12-07,,1,3,20,27,35
2023-12-08,,5,11,19,22,37
2023-12-09,,3,8,19,22,30
2023-12-10,,11,14,20,29,34
2023-12-11,,8,13,23,27,28
2023-12-12,,3,4,27,32,38
2023-12-13,,1,8,17,20,37
2023-12-14,,8,12,18,32,39
2023-12-15,,1,7,23,28,37
2023-12-16,,15,28,35,36,39
2023-12-17,,5,11,12,22,30
2023-12-18,,1,3,8,28,34
2023-12-19,,14,20,23,31,32
2023-12-20,,16,22,27,30,38
2023-12-21,,15,18,21,27,28
2023-12-22,,5,8,19,21,24
2023-12-23,,1,8,15,18,19
2023-12-24,,9,17,22,31,32
2023-12-25,,9,11,28,33,34
2023-12-26,,2,12,15,18,25
2023-12-27,,3,19,35,36,38
2023-12-28,,2,5,22,24,33
2023-12-29,,2,23,24,30,32
2023-12-30,,3,8,11,16,18
2023-12-31,,5,21,23,34,38
2024-01-01,,6,10,12,22,35
2024-01-02,,8,10,19,25,32
2024-01-03,,13,23,27,34,35
2024-01-04,,11,19,20,35,39
2024-01-05,,7,15,21,25,39
2024-01-06,,6,8,15,20,31
2024-01-07,,6,9,16,17,32
2024-01-08,,5,12,13,14,31
2024-01-09,,1,12,27,28,34
2024-01-10,,1,5,10,22,28
2024-01-11,,15,18,25,32,38
2024-01-12,,6,17,21,28,36
2024-01-13,,1,20,23,33,34
2024-01-14,,6,13,19,27,30
2024-01-15,,1,2,13,19,21
2024-01-16,,6,8,14,27,39
2024-01-17,,3,4,6,15,23
2024-01-18,,20,21,25,29,32
2024-01-19,,2,14,17,24,25
2024-01-20,,2,19,23,28,38
2024-01-21,,4,7,21,23,29
2024-01-22,,5,6,20,21,29
2024-01-23,,20,23,35,36,37
2024-01-24,,2,5,11,15,22
2024-01-25,,6,9,10,24,30
2024-01-26,,16,17,22,32,37
2024-01-27,,8,19,21,23,32
2024-01-28,,4,10,15,22,34
2024-01-29,,6,7,12,21,31
2024-01-30,,9,10,17,28,29
2024-01-31,,5,10,13,25,26
2024-02-01,,17,25,31,34,38
2024-02-02,,4,7,9,11,29
2024-02-03,,3,4,21,24,27
2024-02-04,,1,3,5,14,26
2024-02-05,,2,16,18,19,37
2024-02-06,,7,20,24,26,27
2024-02-07,,9,15,17,26,30
2024-02-08,,2,14,27,37,38
2024-02-09,,17,18,25,35,37
2024-02-10,,4,20,26,27,30
2024-02-11,,9,17,26,35,37
2024-02-12,,7,15,16,32,35
2024-02-13,,1,6,10,16,22
2024-02-14,,3,4,5,9,22
2024-02-15,,12,15,21,24,39
2024-02-16,,20,24,28,30,36
2024-02-17,,2,4,22,32,37
2024-02-18,,12,27,28,30,39
2024-02-19,,15,18,21,29,31
2024-02-20,,3,7,10,25,39
2024-02-21,,1,2,18,27,34
2024-02-22,,11,13,16,19,25
2024-02-23,,12,17,23,24,34
2024-02-24,,5,7,30,32,37
2024-02-25,,1,4,20,23,26
2024-02-26,,2,6,12,37,38
2024-02-27,,2,10,17,21,25
2024-02-28,,5,7,9,18,23
2024-02-29,,10,14,27,33,38
2024-03-01,,9,10,20,32,35
2024-03-02,,11,19,25,31,33
2024-03-03,,10,24,26,33,38
2024-03-04,,4,9,10,19,26
2024-03-05,,13,19,20,27,34
2024-03-06,,5,10,14,21,29
2024-03-07,,3,15,24,25,34
2024-03-08,,18,19,28,30,38
2024-03-09,,1,9,11,20,35
2024-03-10,,13,15,16,20,21
2024-03-11,,5,7,27,30,31
2024-03-12,,8,11,14,15,25
2024-03-13,,1,9,28,29,30
2024-03-14,,18,23,24,28,39
2024-03-15,,5,6,15,23,33
2024-03-16,,3,4,19,35,36
2024-03-17,,6,15,17,29,39
2024-03-18,,3,9,25,28,39
2024-03-19,,2,16,23,29,36
2024-03-20,,1,9,10,26,31
2024-03-21,,2,6,7,15,36
2024-03-22,,19,22,27,30,33
2024-03-23,,10,18,21,28,33
2024-03-24,,4,26,33,38,39
2024-03-25,,2,21,26,29,36
2024-03-26,,9,12,26,28,34
2024-03-27,,4,7,10,15,29
2024-03-28,,3,7,9,12,34
2024-03-29,,3,14,15,17,30
2024-03-30,,11,14,26,29,33
2024-03-31,,5,11,23,25,36
2024-04-01,,3,5,13,27,38
2024-04-02,,7,8,13,23,25
2024-04-03,,10,11,18,30,31
2024-04-04,,4,16,19,35,38
2024-04-05,,4,11,19,23,26
2024-04-06,,1,25,27,28,36
2024-04-07,,1,3,5,15,17
2024-04-08,,11,18,27,30,35
2024-04-09,,24,25,30,35,39
2024-04-10,,1,7,12,24,29
2024-04-11,,5,7,18,22,29
2024-04-12,,3,4,7,17,27
2024-04-13,,5,7,9,26,29
2024-04-14,,15,21,22,36,37
2024-04-15,,4,6,13,14,19
2024-04-16,,13,15,21,22,29
2024-04-17,,23,24,26,31,35
2024-04-18,,11,20,27,30,32
2024-04-19,,7,15,17,30,39
2024-04-20,,7,24,26,30,32
2024-04-21,,5,12,25,30,32
2024-04-22,,7,11,13,15,20
2024-04-23,,11,19,23,33,39
2024-04-24,,9,24,25,28,31
2024-04-25,,4,6,8,16,23
2024-04-26,,4,8,27,31,34
2024-04-27,,5,11,15,29,36
2024-04-28,,14,21,23,32,39
2024-04-29,,4,16,19,22,32
2024-04-30,,2,12,18,26,28
2024-05-01,,2,11,21,34,39
2024-05-02,,2,10,17,24,37
2024-05-03,,2,15,20,22,37
2024-05-04,,3,4,13,25,32
2024-05-05,,1,7,8,10,36
2024-05-06,,11,16,23,27,28
2024-05-07,,8,10,18,24,27
2024-05-08,,21,26,27,29,36
2024-05-09,,6,7,22,27,28
2024-05-10,,19,29,35,36,39
2024-05-11,,3,8,14,23,27
2024-05-12,,3,7,20,31,38
2024-05-13,,7,13,15,34,38
2024-05-14,,8,9,12,21,35
2024-05-15,,13,14,27,31,32
2024-05-16,,6,24,34,35,38
2024-05-17,,3,8,11,17,39
2024-05-18,,4,6,8,16,36
2024-05-19,,4,10,20,34,36
2024-05-20,,17,22,25,26,27
2024-05-21,,10,17,20,25,32
2024-05-22,,15,24,26,32,37
2024-05-23,,5,16,22,35,36
2024-05-24,,3,11,26,35,38
2024-05-25,,8,14,21,34,36
2024-05-26,,12,17,22,27,31
2024-05-27,,6,22,29,35,38
2024-05-28,,10,14,19,32,35
2024-05-29,,2,6,31,36,39
2024-05-30,,4,8,13,21,29
2024-05-31,,2,15,23,24,27
2024-06-01,,8,14,16,21,31
2024-06-02,,3,21,24,30,39
2024-06-03,,1,12,17,34,36
2024-06-04,,1,8,15,30,31
2024-06-05,,2,5,22,23,30
2024-06-06,,6,22,23,33,34
2024-06-07,,7,18,21,31,33
2024-06-08,,3,9,10,15,26
2024-06-09,,10,13,17,18,23
2024-06-10,,8,18,24,27,28
2024-06-11,,15,16,20,27,38
2024-06-12,,1,4,25,26,29
2024-06-13,,5,17,29,30,36
2024-06-14,,2,13,20,26,31
2024-06-15,,16,18,31,38,39
2024-06-16,,10,12,24,30,37
2024-06-17,,10,12,14,16,25
2024-06-18,,6,7,15,18,35
2024-06-19,,4,20,21,22,31
2024-06-20,,2,7,14,28,37
2024-06-21,,12,14,20,25,37
2024-06-22,,5,15,30,32,33
2024-06-23,,7,8,10,21,27
2024-06-24,,10,12,14,16,32
2024-06-25,,1,18,25,26,38
2024-06-26,,2,18,31,34,37
2024-06-27,,6,9,22,24,37
2024-06-28,,1,7,32,33,37
2024-06-29,,2,26,31,33,36
2024-06-30,,14,27,32,33,35
2024-07-01,,7,17,24,28,38
2024-07-02,,11,15,16,20,38
2024-07-03,,1,4,15,16,28
2024-07-04,,3,4,8,17,31
2024-07-05,,2,11,13,25,36
2024-07-06,,12,18,30,31,36
2024-07-07,,2,5,10,24,28
2024-07-08,,16,21,27,30,39
2024-07-09,,3,18,21,29,38
2024-07-10,,1,3,7,14,31
2024-07-11,,4,23,25,27,34
2024-07-12,,8,26,29,35,36
2024-07-13,,11,15,16,32,37
2024-07-14,,8,12,24,26,27
2024-07-15,,2,5,9,30,32
2024-07-16,,3,16,25,28,36
2024-07-17,,2,5,23,27,34
2024-07-18,,13,20,21,28,38
2024-07-19,,8,12,14,19,29
2024-07-20,,6,9,26,27,30
2024-07-21,,8,13,23,31,38
2024-07-22,,7,26,29,35,36
2024-07-23,,1,4,11,26,30
2024-07-24,,3,4,8,24,34
2024-07-25,,3,4,6,26,36
2024-07-26,,3,7,33,36,39
2024-07-27,,7,8,17,21,38
2024-07-28,,7,11,16,19,33
2024-07-29,,5,16,18,32,36
2024-07-30,,1,22,23,25,34
2024-07-31,,5,10,26,32,38
2024-08-01,,15,20,25,28,36
2024-08-02,,3,6,19,22,37
2024-08-03,,11,19,23,28,38
2024-08-04,,25,30,31,32,37
2024-08-05,,1,4,15,31,36
2024-08-06,,5,15,25,31,37
2024-08-07,,4,9,19,34,35
2024-08-08,,1,2,15,18,29
2024-08-09,,2,4,30,34,39
2024-08-10,,3,7,15,22,38
2024-08-11,,3,12,14,25,32
2024-08-12,,2,7,26,30,34
2024-08-13,,17,18,29,30,39
2024-08-14,,4,14,23,25,33
2024-08-15,,7,10,17,21,32
2024-08-16,,5,10,17,19,22
2024-08-17,,2,15,21,33,39
2024-08-18,,9,16,26,33,39
2024-08-19,,2,17,31,32,38
2024-08-20,,18,23,31,36,38
2024-08-21,,2,8,21,31,33
2024-08-22,,16,19,20,31,37
2024-08-23,,2,9,20,21,31
2024-08-24,,2,10,11,12,14
2024-08-25,,3,9,11,17,28
2024-08-26,,12,15,23,34,35
2024-08-27,,2,4,13,15,17
2024-08-28,,13,21,27,34,35
2024-08-29,,7,10,14,20,23
2024-08-30,,2,8,9,22,25
2024-08-31,,3,9,15,21,31
2024-09-01,,3,11,20,21,22
2024-09-02,,9,10,25,31,33
2024-09-03,,1,6,8,10,36
2024-09-04,,7,16,19,20,32
2024-09-05,,11,13,15,18,28
2024-09-06,,4,13,23,26,38
2024-09-07,,19,24,31,37,38
2024-09-08,,9,11,16,18,30
2024-09-09,,7,27,29,31,36
2024-09-10,,5,9,21,32,36
2024-09-11,,8,9,11,16,36
2024-09-12,,6,12,21,27,37
2024-09-13,,7,11,17,24,28
2024-09-14,,30,31,32,34,35
2024-09-15,,8,14,20,22,36
2024-09-16,,8,10,24,25,30
2024-09-17,,2,14,20,21,25
2024-09-18,,1,22,28,30,38
2024-09-19,,1,18,33,37,39
2024-09-20,,10,12,28,35,36
2024-09-21,,6,10,12,27,35
2024-09-22,,1,10,13,14,35
2024-09-23,,4,8,20,22,24
2024-09-24,,15,17,22,26,32
2024-09-25,,10,16,18,19,35
2024-09-26,,2,5,7,15,29
2024-09-27,,5,19,22,23,30
2024-09-28,,5,10,13,20,21
2024-09-29,,15,22,26,32,38
2024-09-30,,3,6,17,18,33
2024-10-01,,8,10,21,23,27
2024-10-02,,5,6,13,25,38
2024-10-03,,11,17,18,29,33
2024-10-04,,9,25,29,31,38
2024-10-05,,4,18,33,35,38
2024-10-06,,9,15,16,30,31
2024-10-07,,10,24,25,29,39
2024-10-08,,6,16,19,35,37
2024-10-09,,7,11,20,25,34
2024-10-10,,1,6,23,27,38
2024-10-11,,1,5,9,11,13
2024-10-12,,5,9,19,21,38
2024-10-13,,7,14,28,33,39
2024-10-14,,16,21,28,36,38
2024-10-15,,2,8,18,24,37
2024-10-16,,13,15,19,27,30
2024-10-17,,1,9,12,19,30
2024-10-18,,8,9,11,34,36
2024-10-19,,8,13,14,26,35
2024-10-20,,5,7,19,25,38
2024-10-21,,12,16,21,24,38
2024-10-22,,2,5,12,36,39
2024-10-23,,12,30,34,35,38
2024-10-24,,1,17,33,37,39
2024-10-25,,7,9,16,21,32
2024-10-26,,6,9,15,22,26
2024-10-27,,2,3,4,12,26
2024-10-28,,1,18,27,31,35
2024-10-29,,5,11,19,32,38
2024-10-30,,9,18,23,30,34
2024-10-31,,1,18,27,37,39
2024-11-01,,12,18,21,34,39
2024-11-02,,6,8,24,27,36
2024-11-03,,2,5,12,28,37
2024-11-04,,2,3,11,33,35
2024-11-05,,10,16,26,29,36
2024-11-06,,18,21,23,29,32
2024-11-07,,1,11,12,32,39
2024-11-08,,6,8,10,15,24
2024-11-09,,3,15,32,33,37
2024-11-10,,15,16,18,28,36
2024-11-11,,1,7,11,25,28
2024-11-12,,7,10,29,30,34
2024-11-13,,3,5,15,21,28
2024-11-14,,6,10,14,26,29
2024-11-15,,11,16,20,22,26
2024-11-16,,11,13,19,21,34
2024-11-17,,23,32,35,36,38
2024-11-18,,2,11,22,31,39
2024-11-19,,12,16,24,25,39
2024-11-20,,23,27,28,36,39
2024-11-21,,22,24,29,35,38
2024-11-22,,1,6,21,27,33
2024-11-23,,1,7,10,11,24
2024-11-24,,2,14,25,26,34
2024-11-25,,3,5,17,26,37
2024-11-26,,1,6,10,14,20
2024-11-27,,3,6,15,20,31
2024-11-28,,3,10,12,29,33
2024-11-29,,9,19,27,32,36
2024-11-30,,20,22,25,29,36
2024-12-01,,15,16,20,32,37
2024-12-02,,9,11,31,33,35
2024-12-03,,2,3,22,25,28
2024-12-04,,4,6,9,34,35
2024-12-05,,7,14,16,19,26
2024-12-06,,1,4,11,13,35
2024-12-07,,6,11,17,26,39
2024-12-08,,2,9,11,25,29
2024-12-09,,4,6,7,13,32
2024-12-10,,2,7,8,21,33
2024-12-11,,12,20,21,25,31
2024-12-12,,8,18,21,28,37
2024-12-13,,9,15,16,30,36
2024-12-14,,2,5,6,18,32
2024-12-15,,10,19,24,26,33
2024-12-16,,6,7,9,10,18
2024-12-17,,5,13,20,33,34
2024-12-18,,10,14,27,29,35
2024-12-19,,2,10,13,19,25
2024-12-20,,1,11,14,32,39
2024-12-21,,6,12,15,18,35
2024-12-22,,10,24,25,35,38
2024-12-23,,4,20,27,28,32
2024-12-24,,5,20,30,36,37
2024-12-25,,7,14,34,35,39
2024-12-26,,1,4,18,19,33
2024-12-27,,14,18,24,28,33
2024-12-28,,20,21,24,29,37
2024-12-29,,2,6,21,24,39
2024-12-30,,2,9,14,33,39
2024-12-31,,8,13,32,33,37
2025-01-01,,3,14,21,37,39
2025-01-02,,4,9,11,22,39
2025-01-03,,3,6,7,19,34
2025-01-04,,15,23,25,26,32
2025-01-05,,11,15,17,22,35
2025-01-06,,5,25,34,36,39
2025-01-07,,7,10,14,25,38
2025-01-08,,4,10,23,26,34
2025-01-09,,16,24,29,32,36
2025-01-10,,6,20,22,30,39
2025-01-11,,4,19,21,26,29
2025-01-12,,6,9,19,32,39
2025-01-13,,3,13,19,21,36
2025-01-14,,11,15,32,33,36
2025-01-15,,6,8,21,23,26
2025-01-16,,4,5,6,18,21
2025-01-17,,4,6,25,31,33
2025-01-18,,20,25,29,35,36
2025-01-19,,4,8,13,19,26
2025-01-20,,5,10,18,19,30
2025-01-21,,4,5,24,31,34
2025-01-22,,15,20,21,25,33
2025-01-23,,12,25,27,34,38
2025-01-24,,2,6,21,28,31
2025-01-25,,1,4,6,21,32
2025-01-26,,4,21,23,27,29
2025-01-27,,15,18,21,30,37
2025-01-28,,5,6,7,8,16
2025-01-29,,5,8,9,19,20
2025-01-30,,5,19,29,31,33
2025-01-31,,12,16,18,25,33
2025-02-01,,6,10,12,16,30
2025-02-02,,3,6,14,21,36
2025-02-03,,16,18,36,38,39
2025-02-04,,2,12,17,21,38
2025-02-05,,1,5,6,34,37
2025-02-06,,6,18,33,35,36
2025-02-07,,5,7,11,14,16
2025-02-08,,13,14,15,23,33
2025-02-09,,3,8,17,25,35
2025-02-10,,3,7,32,33,35
2025-02-11,,6,14,17,20,24
2025-02-12,,18,22,25,33,37
2025-02-13,,4,7,13,16,20
2025-02-14,,1,10,26,30,34
2025-02-15,,5,16,20,26,30
2025-02-16,,7,25,28,30,37
2025-02-17,,4,25,28,31,32
2025-02-18,,3,4,31,32,39
2025-02-19,,3,10,14,20,26
2025-02-20,,5,7,24,28,33
2025-02-21,,3,5,11,20,28
2025-02-22,,14,22,25,31,32
2025-02-23,,15,27,30,32,35
2025-02-24,,2,9,20,22,38
2025-02-25,,7,13,17,27,34
2025-02-26,,7,11,12,21,33
2025-02-27,,3,12,13,22,37
2025-02-28,,18,19,24,25,34
2025-03-01,,10,11,19,28,37
2025-03-02,,3,25,28,33,39
2025-03-03,,1,4,17,26,39
2025-03-04,,6,9,28,31,36
2025-03-05,,14,18,20,22,32
2025-03-06,,8,18,26,29,34
2025-03-07,,3,4,8,19,34
2025-03-08,,9,11,18,30,35
2025-03-09,,1,11,18,31,37
2025-03-10,,3,9,20,30,36
2025-03-11,,17,25,26,35,37
2025-03-12,,9,11,17,22,32
2025-03-13,,3,9,35,37,38
2025-03-14,,8,14,19,27,33
2025-03-15,,5,7,9,21,27
2025-03-16,,5,6,8,30,31
2025-03-17,,9,10,15,19,24
2025-03-18,,3,13,19,24,29
2025-03-19,,5,16,23,34,35
2025-03-20,,17,29,30,35,36
2025-03-21,,10,20,24,27,39
2025-03-22,,9,13,14,18,35
2025-03-23,,11,17,19,29,31
2025-03-24,,1,7,16,28,31
2025-03-25,,1,3,12,14,18
2025-03-26,,1,9,11,14,28
2025-03-27,,7,19,27,31,38
2025-03-28,,12,27,30,35,39
2025-03-29,,1,3,16,17,38
2025-03-30,,9,14,28,37,39
2025-03-31,,1,10,16,28,32
2025-04-01,,18,26,32,36,38
2025-04-02,,2,4,10,23,26
2025-04-03,,8,16,22,28,37
2025-04-04,,9,10,14,27,30
2025-04-05,,2,8,10,17,32
2025-04-06,,13,17,24,31,33
2025-04-07,,2,10,13,32,37
2025-04-08,,2,4,12,26,28
2025-04-09,,3,9,12,14,31
2025-04-10,,4,17,24,36,39
2025-04-11,,14,16,20,28,30
2025-04-12,,2,15,25,37,39
2025-04-13,,3,13,23,31,34
2025-04-14,,15,26,29,35,38
2025-04-15,,1,17,25,27,34
2025-04-16,,1,21,33,38,39
2025-04-17,,11,13,30,33,39
2025-04-18,,6,11,13,33,37
2025-04-19,,7,21,27,29,36
2025-04-20,,5,10,26,28,38
2025-04-21,,9,12,13,29,34
2025-04-22,,2,20,26,33,39
2025-04-23,,16,17,26,28,33
2025-04-24,,4,27,28,30,34
2025-04-25,,1,6,16,19,20
2025-04-26,,4,11,23,29,34
2025-04-27,,2,6,20,29,38
2025-04-28,,6,24,25,35,39
2025-04-29,,9,22,28,32,38
2025-04-30,,14,18,26,29,39
2025-05-01,,9,24,27,28,37
2025-05-02,,7,21,24,31,35
2025-05-03,,11,13,25,37,39
2025-05-04,,9,16,25,27,28
2025-05-05,,6,9,32,33,34
2025-05-06,,3,14,19,26,35
2025-05-07,,10,12,34,36,37
2025-05-08,,4,12,13,14,28
2025-05-09,,20,24,28,33,39
2025-05-10,,12,17,22,29,33
2025-05-11,,3,4,9,17,26
2025-05-12,,4,8,11,27,35
2025-05-13,,1,2,18,36,39
2025-05-14,,3,8,21,32,37
2025-05-15,,6,14,21,22,32
2025-05-16,,1,7,10,20,26
2025-05-17,,2,17,24,35,36
2025-05-18,,1,7,33,36,38
2025-05-19,,10,21,23,24,31
2025-05-20,,9,16,17,26,32
2025-05-21,,3,9,21,29,32
2025-05-22,,2,3,8,14,20
2025-05-23,,3,17,23,24,27
2025-05-24,,9,18,20,25,38
2025-05-25,,5,22,23,37,39
2025-05-26,,2,5,7,16,30
2025-05-27,,6,11,22,28,36
2025-05-28,,13,20,25,34,35
2025-05-29,,10,22,30,31,37
2025-05-30,,10,17,19,20,21
2025-05-31,,2,6,20,29,39
2025-06-01,,20,23,27,34,38
2025-06-02,,3,17,20,23,34
2025-06-03,,1,2,3,12,23
2025-06-04,,5,23,29,32,37
2025-06-05,,2,3,9,15,33
2025-06-06,,2,8,12,27,30
2025-06-07,,4,15,17,22,27
2025-06-08,,10,16,18,27,34
2025-06-09,,6,17,18,29,39
2025-06-10,,9,11,14,30,32
2025-06-11,,5,10,12,20,33
2025-06-12,,21,27,34,36,38
2025-06-13,,10,13,25,27,33
2025-06-14,,5,15,17,28,30
2025-06-15,,11,19,24,32,39
2025-06-16,,1,3,5,12,20
2025-06-17,,2,8,18,34,36
2025-06-18,,5,12,19,22,27
2025-06-19,,10,14,18,31,38
2025-06-20,,19,26,29,32,39
2025-06-21,,16,17,18,19,20
2025-06-22,,5,13,19,20,38
2025-06-23,,6,10,13,21,27
2025-06-24,,10,17,24,25,27
2025-06-25,,2,11,16,23,39
2025-06-26,,13,24,29,30,39
2025-06-27,,8,22,23,28,32
2025-06-28,,1,6,11,33,39
2025-06-29,,14,22,27,37,38
2025-06-30,,5,7,10,20,25
2025-07-01,,4,18,22,34,36
2025-07-02,,3,5,6,25,29
2025-07-03,,9,15,32,35,37
2025-07-04,,6,13,18,27,34
2025-07-05,,1,8,34,35,37
2025-07-06,,15,17,22,24,31
2025-07-07,,10,12,16,24,34
2025-07-08,,2,8,14,26,33
2025-07-09,,11,24,29,34,37
2025-07-10,,4,11,23,25,26
2025-07-11,,20,22,28,36,39
2025-07-12,,1,15,25,32,37
2025-07-13,,1,3,7,37,38
2025-07-14,,12,20,27,35,38
2025-07-15,,5,10,17,24,33
2025-07-16,,2,9,13,21,32
2025-07-17,,2,7,28,34,39
2025-07-18,,6,8,11,35,37
2025-07-19,,3,6,13,22,31
2025-07-20,,4,11,17,18,20
2025-07-21,,1,4,11,23,27
2025-07-22,,2,14,32,33,35
2025-07-23,,10,11,13,21,29
2025-07-24,,10,12,17,24,34
2025-07-25,,2,4,11,15,32
2025-07-26,,5,8,20,24,34
2025-07-27,,13,19,30,35,38
2025-07-28,,11,27,32,35,36
2025-07-29,,3,17,18,25,32
2025-07-30,,12,21,29,36,37
2025-07-31,,9,12,23,26,36
2025-08-01,,3,12,16,18,19
2025-08-02,,2,10,12,14,23
2025-08-03,,9,14,17,26,28
2025-08-04,,5,11,22,32,35
2025-08-05,,4,8,10,17,21
2025-08-06,,17,19,27,32,38
2025-08-07,,10,12,24,26,31
2025-08-08,,7,9,21,27,30
2025-08-09,,7,18,19,36,37
2025-08-10,,3,4,25,34,37
2025-08-11,,2,6,19,30,37
2025-08-12,,4,9,14,21,27
2025-08-13,,3,6,9,32,39
2025-08-14,,14,18,24,32,33
2025-08-15,,13,17,23,29,35
2025-08-16,,13,23,32,33,38
2025-08-17,,1,2,9,11,39
2025-08-18,,10,14,17,21,30
2025-08-19,,3,13,15,19,37
2025-08-20,,14,22,26,29,33
2025-08-21,,6,20,33,34,35
2025-08-22,,9,10,25,31,34
2025-08-23,,19,21,26,34,37
2025-08-24,,1,19,21,26,30
2025-08-25,,5,14,20,37,39
2025-08-26,,15,22,25,38,39
2025-08-27,,3,14,27,31,33
2025-08-28,,4,15,17,18,38
2025-08-29,,14,21,23,33,36
2025-08-30,,2,17,22,25,37
2025-08-31,,1,3,20,29,36
2025-09-01,,2,10,28,33,39
2025-09-02,,7,30,33,36,38
2025-09-03,,2,7,18,19,30
2025-09-04,,9,10,17,18,32
2025-09-05,,11,15,18,36,37
2025-09-06,,15,17,20,33,34
2025-09-07,,3,5,31,33,35
2025-09-08,,3,9,12,23,26
2025-09-09,,2,16,29,34,38
2025-09-10,,13,16,22,36,38
2025-09-11,,10,11,21,25,30
2025-09-12,,11,15,22,23,32
2025-09-13,,6,21,23,28,31
2025-09-14,,1,9,25,26,30
2025-09-15,,2,19,21,23,24
2025-09-16,,7,8,27,28,34
2025-09-17,,8,10,11,14,29
2025-09-18,,2,7,12,30,32
2025-09-19,,3,8,27,29,32
2025-09-20,,9,11,28,31,35
2025-09-21,,6,15,16,23,31
2025-09-22,,9,18,19,24,30
2025-09-23,,27,28,30,35,37
2025-09-24,,3,8,19,26,28
2025-09-25,,11,25,26,33,35
2025-09-26,,7,18,25,28,38
2025-09-27,,16,17,24,26,33
2025-09-28,,15,17,24,25,33
2025-09-29,,6,9,16,17,25
2025-09-30,,3,13,23,25,30
2025-10-01,,6,20,29,31,39
2025-10-02,,3,6,7,37,38
2025-10-03,,7,11,14,34,37
2025-10-04,,4,9,10,14,15
2025-10-05,,14,15,16,29,39
2025-10-06,,12,20,25,28,33
2025-10-07,,5,7,10,16,28
2025-10-08,,10,16,25,32,39
2025-10-09,,3,27,28,32,39
2025-10-10,,14,25,26,31,34
2025-10-11,,26,30,37,38,39
2025-10-12,,8,9,24,31,38
2025-10-13,,1,7,9,32,36
2025-10-14,,2,6,18,31,39
2025-10-15,,6,17,20,21,23
2025-10-16,,4,19,30,31,39
2025-10-17,,2,13,16,17,23
2025-10-18,,19,21,33,35,37
2025-10-19,,1,8,10,17,23
2025-10-20,,11,14,15,16,17
2025-10-21,,2,5,11,36,37
2025-10-22,,8,14,24,26,32
2025-10-23,,7,19,21,23,37
2025-10-24,,4,14,30,33,38
2025-10-25,,18,21,25,30,39
2025-10-26,,2,15,20,33,35
2025-10-27,,10,14,18,22,29
2025-10-28,,1,7,17,26,29
2025-10-29,,10,13,33,38,39
2025-10-30,,3,6,11,13,29
2025-10-31,,1,13,19,23,28
2025-11-01,,7,8,26,27,35
2025-11-02,,1,2,21,30,35
2025-11-03,,1,10,11,14,30
2025-11-04,,7,8,21,24,31
2025-11-05,,18,24,25,28,34
2025-11-06,,16,17,23,30,33
2025-11-07,,2,6,16,20,38
2025-11-08,,5,12,14,32,38
2025-11-09,,1,19,20,22,29
2025-11-10,,14,16,23,27,33
2025-11-11,,5,14,17,21,30
2025-11-12,,4,5,20,34,35
2025-11-13,,2,11,24,25,39
2025-11-14,,6,10,17,23,35
2025-11-15,,7,11,13,32,39
2025-11-16,,6,12,18,25,36
2025-11-17,,10,20,33,35,38
2025-11-18,,4,7,18,29,38
2025-11-19,,9,13,14,19,33
2025-11-20,,3,6,7,13,37
2025-11-21,,4,7,17,28,33
2025-11-22,,10,11,17,28,33
2025-11-23,,9,11,21,31,35
2025-11-24,,3,16,21,35,38
2025-11-25,,5,17,20,36,39
2025-11-26,,3,5,7,18,24
2025-11-27,,2,3,21,25,27
2025-11-28,,10,24,28,31,37
2025-11-29,,13,14,21,23,32
2025-11-30,,2,10,27,28,34
2025-12-01,,2,5,8,24,33
2025-12-02,,1,2,20,30,38
2025-12-03,,6,16,18,20,33
2025-12-04,,6,7,28,29,32
2025-12-05,,16,21,30,33,34
2025-12-06,,9,10,16,27,36
2025-12-07,,9,11,12,13,34
2025-12-08,,11,13,14,19,39
2025-12-09,,7,31,33,35,38
2025-12-10,,10,15,16,20,33
2025-12-11,,1,2,5,10,17
2025-12-12,,7,13,23,26,30
2025-12-13,,16,18,27,32,38
2025-12-14,,2,3,22,24,32
2025-12-15,,10,14,18,31,32
2025-12-16,,10,16,17,22,35
2025-12-17,,14,15,24,32,34
2025-12-18,,13,25,28,31,33
2025-12-19,,2,6,11,18,31
2025-12-20,,14,16,22,35,36
2025-12-21,,11,28,29,32,37
2025-12-22,,15,23,26,28,37
2025-12-23,,1,14,16,18,19
2025-12-24,,5,14,15,19,26
2025-12-25,,7,11,18,28,30
2025-12-26,,5,17,20,29,38
2025-12-27,,2,6,7,8,35
2025-12-28,,8,9,20,26,36
2025-12-29,,1,21,22,33,35
2025-12-30,,1,8,13,17,20
2025-12-31,,10,12,22,28,37
2026-01-01,,1,3,9,11,21
2026-01-02,,13,14,24,25,35
2026-01-03,,9,14,19,20,24
2026-01-04,,1,4,34,37,39
2026-01-05,,9,19,20,26,32
2026-01-06,,5,9,15,21,24
2026-01-07,,1,10,28,31,39
2026-01-08,,2,3,9,11,31
2026-01-09,,2,15,19,24,36
2026-01-10,,23,25,28,29,35
2026-01-11,,12,13,15,24,34
2026-01-12,,7,16,17,19,35
2026-01-13,,13,18,27,28,35
2026-01-14,,4,9,25,27,35
2026-01-15,,2,9,12,25,39
2026-01-16,,6,18,28,32,36
2026-01-17,,3,8,16,31,33
2026-01-18,,8,18,28,33,39
2026-01-19,,16,18,19,31,37
2026-01-20,,11,19,22,27,30
2026-01-21,,7,8,13,22,28
2026-01-22,,13,14,18,26,32
2026-01-23,,6,8,11,27,28
2026-01-24,,11,14,15,20,36
2026-01-25,,15,18,25,33,35
2026-01-26,,1,14,19,27,37
2026-01-27,,1,2,5,7,20
2026-01-28,,1,4,22,33,39
2026-01-29,,5,6,13,27,32
2026-01-30,,2,4,8,17,21
2026-01-31,,9,13,18,24,28
2026-02-01,,2,14,18,20,35
2026-02-02,,6,12,19,22,25
2026-02-03,,1,8,23,24,36
2026-02-04,,5,6,13,15,23
2026-02-05,,9,11,25,26,29
2026-02-06,,8,26,28,32,38
2026-02-07,,5,11,26,28,39
2026-02-08,,8,12,15,24,34
2026-02-09,,18,20,24,29,33
2026-02-10,,2,8,11,36,37
2026-02-11,,4,5,12,26,32
2026-02-12,,4,10,19,23,26
2026-02-13,,14,18,23,27,29
2026-02-14,,11,15,18,25,27
2026-02-15,,2,13,20,28,30
2026-02-16,,4,9,14,26,34
2026-02-17,,1,3,15,17,21
2026-02-18,,8,11,26,28,35
2026-02-19,,6,8,14,22,28
2026-02-20,,3,22,27,31,37
2026-02-21,,10,19,22,31,36
2026-02-22,,19,23,29,30,36
2026-02-23,,3,24,25,34,37
2026-02-24,,3,10,20,26,30
2026-02-25,,3,4,14,31,33
2026-02-26,,5,7,10,33,34
2026-02-27,,3,9,10,20,27
2026-02-28,,26,29,30,31,32
2026-03-01,,10,13,24,32,38
2026-03-02,,8,10,11,21,29
2026-03-03,,6,7,30,32,33
2026-03-04,,12,13,16,25,38
2026-03-05,,1,3,4,13,17
2026-03-06,,3,17,18,27,35
2026-03-07,,10,15,31,35,38
2026-03-08,,10,19,29,33,36
2026-03-09,,4,14,15,23,29
2026-03-10,,21,22,32,35,38
2026-03-11,,18,24,28,34,39
2026-03-12,,16,19,21,29,38
2026-03-13,,9,15,18,26,35
2026-03-14,,9,21,23,27,33
2026-03-15,,14,17,24,34,35
2026-03-16,,13,23,25,34,36
2026-03-17,,10,12,13,19,26
2026-03-18,,12,19,20,30,36
2026-03-19,,8,13,21,27,31
2026-03-20,,3,14,20,27,37
2026-03-21,,13,18,27,31,32
2026-03-22,,4,30,33,37,39
2026-03-23,,4,7,10,28,37
2026-03-24,,4,9,17,26,35
2026-03-25,,9,12,20,23,26
2026-03-26,,4,5,17,24,38
2026-03-27,,2,17,18,26,35
2026-03-28,,4,6,25,26,33
2026-03-29,,2,10,16,27,39
2026-03-30,,1,3,14,20,29
2026-03-31,,1,9,18,31,36
2026-04-01,,4,5,10,13,32
2026-04-02,,7,12,16,20,32
2026-04-03,,7,21,25,31,37
2026-04-04,,14,15,23,30,37
2026-04-05,,1,4,9,18,32
2026-04-06,,4,13,16,19,37
2026-04-07,,4,5,20,21,39
2026-04-08,,4,8,23,28,29
2026-04-09,,6,7,8,27,32
2026-04-10,,1,5,17,23,32
2026-04-11,,11,12,28,29,31
2026-04-12,,10,16,18,27,28
2026-04-13,,14,16,20,22,38
2026-04-14,,3,13,20,29,37
2026-04-15,,2,8,23,33,34
2026-04-16,,21,28,30,32,39
2026-04-17,,8,10,21,22,38
2026-04-18,,9,10,23,24,25
2026-04-19,,1,10,13,14,31
2026-04-20,,13,16,23,33,36
2026-04-21,,7,17,36,38,39
2026-04-22,,2,11,12,35,39
2026-04-23,,9,14,19,30,33
2026-04-24,,15,17,30,34,35
2026-04-25,,3,6,18,29,34
2026-04-26,,1,5,6,20,34
2026-04-27,,9,11,18,33,37
2026-04-28,,2,4,5,10,31
2026-04-29,,14,19,33,37,38
2026-04-30,11862,1,5,20,21,39
2026-05-01,11863,10,14,21,33,39
2026-05-02,11864,8,19,28,35,36
2026-05-03,11865,11,16,18,20,23
2026-05-04,11866,5,10,14,16,22
2026-05-05,11867,9,13,17,19,31
2026-05-06,11868,8,13,18,32,36
2026-05-07,11869,2,5,13,16,36
2026-05-08,11870,3,8,12,26,29
2026-05-09,11871,5,9,12,14,15
2026-05-10,11872,4,11,12,28,35
2026-05-11,11873,9,11,17,25,29
2026-05-12,11874,14,17,19,29,38
2026-05-13,11875,8,17,25,31,33
2026-05-14,11876,4,19,23,24,32
2026-05-15,11877,1,8,31,32,38
2026-05-16,11878,6,10,26,29,33
2026-05-17,11879,10,12,21,22,30
2026-05-18,11880,3,12,15,29,33
2026-05-19,11881,11,16,30,31,33
2026-05-20,11882,9,13,15,18,19
2026-05-21,11883,2,10,16,20,39
2026-05-22,11884,1,6,11,34,39
2026-05-23,11885,6,14,16,28,36
2026-05-24,11886,7,26,33,35,37
2026-05-25,11887,2,4,11,12,24
2026-05-26,11888,2,14,34,35,39
2026-05-27,11889,2,6,19,22,27
2026-05-28,11890,7,15,16,22,30
2026-05-29,11891,2,12,20,30,34
2026-05-30,11892,2,5,27,35,36
2026-05-31,11893,1,15,21,23,24
2026-06-01,11894,4,9,15,20,30
2026-06-02,11895,6,14,23,28,37
2026-06-03,11896,5,11,19,25,31
2026-06-04,11897,9,17,28,29,33
2026-06-05,11898,6,23,25,27,38
2026-06-06,11899,2,5,6,24,28
2026-06-07,11900,14,23,32,36,37
2026-06-08,11901,11,22,23,26,28
2026-06-09,11902,4,11,24,26,39
2026-06-10,11903,5,6,21,23,31
2026-06-11,11904,6,28,35,36,37
2026-06-12,11905,2,6,31,33,37
2026-06-13,11906,13,14,16,17,33
2026-06-14,11907,2,6,26,32,37
2026-06-15,11908,1,14,24,32,35
2026-06-16,11909,5,9,19,33,37
2026-06-17,11910,1,6,27,30,37
2026-06-18,11911,13,21,22,25,30
2026-06-19,11912,5,8,20,32,38
2026-06-20,11913,17,23,33,35,39
2026-06-21,11914,1,2,13,19,35
2026-06-22,11915,5,11,20,32,36
2026-06-23,11916,1,5,11,16,24
2026-06-24,11917,3,5,23,32,38
2026-06-25,11918,2,3,12,19,36
2026-06-26,11919,3,6,18,27,35
2026-06-27,11920,12,22,29,33,36
2026-06-28,11921,22,29,34,36,37
2026-06-29,11922,3,15,25,27,34
2026-06-30,11923,9,12,22,37,38
2026-07-01,11924,11,17,28,35,36
2026-07-02,11925,4,22,27,34,39
2026-07-03,11926,4,9,28,35,36
2026-07-04,11927,4,6,15,26,29
2026-07-05,11928,6,11,29,34,38
2026-07-06,11929,11,16,17,19,36
2026-07-07,11930,13,18,21,23,30
2026-07-08,11931,6,13,26,27,36
2026-07-09,11932,11,23,25,28,36
2026-07-10,11933,2,6,11,21,27
2026-07-11,11934,10,12,25,28,34
2026-07-12,11935,1,7,12,15,33
2026-07-13,11936,2,5,19,27,34
2026-07-14,11937,6,9,31,33,37
2026-07-15,11938,12,23,26,29,38
2026-07-16,11939,2,5,10,26,34
2026-07-17,11940,7,8,11,17,39
2026-07-18,11941,3,27,31,32,36
2026-07-19,11942,4,12,19,27,33
2026-07-20,11943,12,13,21,27,28
2026-07-21,11944,14,27,29,31,33
2026-07-22,11945,16,25,27,28,39
2026-07-23,11946,1,14,16,22,23
2026-07-24,11947,3,16,19,30,33
2026-07-25,11948,11,14,16,22,32
2026-07-26,11949,4,12,14,17,20
2026-07-27,11950,14,16,18,24,25
2026-07-28,11951,1,11,19,34,39
2026-07-29,11952,5,14,21,30,34
2026-07-30,11953,12,19,26,29,39
2026-07-31,11954,6,13,26,29,31
2026-08-01,11955,3,17,18,20,37
2026-08-02,11956,2,15,21,25,29
2026-08-03,11957,2,3,20,24,27
2026-08-04,11958,8,16,19,24,32
2026-08-05,11959,19,23,29,30,38
2026-08-06,11960,4,10,35,37,39
2026-08-07,11961,8,17,28,32,34
