date,n1,n2,n3,n4,n5
2024-01-01,3,10,13,19,36
2024-01-02,5,14,16,20,24
2024-01-03,2,8,27,34,37
2024-01-04,1,3,4,10,27
2024-01-05,1,12,28,32,33
2024-01-06,15,22,32,35,36
2024-01-08,9,24,28,35,38
2024-01-09,9,16,21,30,39
2024-01-10,6,7,9,16,18
2024-01-11,3,11,14,32,39
2024-01-12,8,17,18,28,30
2024-01-13,8,9,15,27,33
2024-01-15,2,10,30,33,34
2024-01-16,2,11,18,28,34
2024-01-17,5,13,30,33,37
2024-01-18,10,18,19,23,39
2024-01-19,6,7,9,11,12
2024-01-20,2,10,20,22,33
2024-01-22,1,3,14,16,17
2024-01-23,2,22,30,31,37
2024-01-24,8,15,17,19,27
2024-01-25,8,13,30,31,38
2024-01-26,4,15,17,25,26
2024-01-27,1,7,13,14,35
2024-01-29,3,11,24,32,35
2024-01-30,4,11,27,37,39
2024-01-31,1,14,20,29,32
2024-02-01,12,28,30,33,39
2024-02-02,8,12,20,30,32
2024-02-03,22,23,31,33,38
2024-02-05,3,7,16,20,27
2024-02-06,5,11,18,26,33
2024-02-07,17,27,28,32,34
2024-02-08,8,9,24,27,32
2024-02-09,15,16,24,25,31
2024-02-10,5,6,9,31,35
2024-02-12,12,20,24,26,31
2024-02-13,6,17,28,32,35
2024-02-14,7,10,17,34,36
2024-02-15,1,20,27,32,39
2024-02-16,8,13,16,21,39
2024-02-17,10,11,29,30,32
2024-02-19,5,8,9,10,11
2024-02-20,3,4,11,27,33
2024-02-21,2,8,20,25,38
2024-02-22,2,12,14,15,21
2024-02-23,21,25,27,34,35
2024-02-24,2,4,8,24,30
2024-02-26,5,21,22,29,39
2024-02-27,1,10,21,24,33
2024-02-28,2,9,30,32,35
2024-02-29,26,27,31,32,34
2024-03-01,11,16,25,28,36
2024-03-02,5,19,20,31,35
2024-03-04,7,8,13,24,29
2024-03-05,14,23,25,31,37
2024-03-06,13,24,32,36,37
2024-03-07,6,15,25,38,39
2024-03-08,4,14,16,22,24
2024-03-09,14,18,19,20,22
2024-03-11,2,7,22,24,32
2024-03-12,1,4,7,20,22
2024-03-13,1,12,17,26,29
2024-03-14,13,15,24,25,30
2024-03-15,8,11,16,19,28
2024-03-16,3,9,12,21,35
2024-03-18,4,13,14,20,24
2024-03-19,2,4,12,32,38
2024-03-20,4,7,16,18,20
2024-03-21,3,11,15,22,24
2024-03-22,15,19,20,23,24
2024-03-23,7,26,29,34,39
2024-03-25,5,15,19,23,28
2024-03-26,1,3,9,19,37
2024-03-27,11,16,17,24,39
2024-03-28,2,3,7,28,39
2024-03-29,1,25,28,31,33
2024-03-30,11,23,26,27,37
2024-04-01,6,15,31,38,39
2024-04-02,12,22,26,33,38
2024-04-03,11,16,21,24,29
2024-04-04,8,10,22,31,37
2024-04-05,8,11,17,34,39
2024-04-06,10,17,20,27,36
2024-04-08,9,10,12,15,35
2024-04-09,11,16,19,27,38
2024-04-10,4,27,28,30,32
2024-04-11,1,4,18,26,30
2024-04-12,3,4,23,25,39
2024-04-13,6,13,23,38,39
2024-04-15,12,21,27,31,35
2024-04-16,2,3,4,21,28
2024-04-17,9,14,15,33,36
2024-04-18,7,22,34,38,39
2024-04-19,1,2,20,25,27
2024-04-20,1,21,22,27,28
2024-04-22,12,15,22,26,27
2024-04-23,1,10,13,14,33
2024-04-24,1,9,21,22,25
2024-04-25,6,7,17,18,29
2024-04-26,2,3,19,21,26
2024-04-27,1,14,18,20,29
2024-04-29,2,11,17,20,22
2024-04-30,9,25,31,34,37
2024-05-01,4,11,13,27,31
2024-05-02,5,11,12,16,17
2024-05-03,2,17,34,37,38
2024-05-04,3,18,21,25,26
2024-05-06,2,12,23,30,31
2024-05-07,4,8,17,28,34
2024-05-08,6,9,10,12,38
2024-05-09,14,18,20,31,35
2024-05-10,1,2,5,32,34
2024-05-11,1,2,12,25,28
2024-05-13,18,20,22,26,29
2024-05-14,16,17,21,22,38
2024-05-15,10,11,30,35,37
2024-05-16,19,23,25,35,37
2024-05-17,17,22,24,27,28
2024-05-18,14,21,22,29,39
2024-05-20,1,2,13,30,37
2024-05-21,8,11,26,34,35
2024-05-22,1,2,14,23,35
2024-05-23,2,8,19,23,33
2024-05-24,12,13,19,33,37
2024-05-25,12,17,20,25,30
2024-05-27,1,7,13,25,31
2024-05-28,2,8,10,28,36
2024-05-29,17,32,33,34,38
2024-05-30,9,11,14,19,25
2024-05-31,13,17,18,30,35
2024-06-01,4,23,24,27,37
2024-06-03,3,8,9,35,38
2024-06-04,2,9,15,24,30
2024-06-05,9,11,19,22,37
2024-06-06,8,17,18,29,39
2024-06-07,7,10,35,36,39
2024-06-08,5,7,25,29,38
2024-06-10,10,23,30,33,34
2024-06-11,2,9,19,24,33
2024-06-12,7,19,21,27,28
2024-06-13,3,5,6,8,31
2024-06-14,7,8,10,27,35
2024-06-15,14,15,18,26,30
2024-06-17,3,9,14,21,25
2024-06-18,1,14,21,22,35
2024-06-19,1,20,23,26,39
2024-06-20,2,3,15,35,36
2024-06-21,6,13,15,19,27
2024-06-22,17,21,24,25,30
2024-06-24,13,23,25,30,35
2024-06-25,9,12,21,23,36
2024-06-26,8,14,16,20,22
2024-06-27,1,3,11,16,34
2024-06-28,1,3,16,28,30
2024-06-29,9,10,15,20,39
2024-07-01,5,28,31,35,38
2024-07-02,2,7,11,26,36
2024-07-03,4,13,26,35,39
2024-07-04,18,20,22,25,37
2024-07-05,8,11,26,34,38
2024-07-06,4,6,18,21,39
2024-07-08,6,9,12,19,39
2024-07-09,3,10,14,15,36
2024-07-10,19,23,27,29,36
2024-07-11,6,24,28,36,37
2024-07-12,9,18,19,31,35
2024-07-13,10,17,18,27,30
2024-07-15,5,11,30,32,39
2024-07-16,2,6,10,28,33
2024-07-17,10,11,17,33,36
2024-07-18,10,11,13,24,33
2024-07-19,20,27,34,35,38
2024-07-20,1,2,3,15,22
2024-07-22,21,23,24,26,28
2024-07-23,1,4,20,22,27
2024-07-24,6,19,22,30,33
2024-07-25,4,16,18,26,31
2024-07-26,13,33,35,37,38
2024-07-27,15,22,24,25,34
2024-07-29,1,11,26,32,37
2024-07-30,13,15,16,19,34
2024-07-31,8,11,23,26,35
2024-08-01,8,18,20,27,30
2024-08-02,3,13,15,16,30
2024-08-03,14,18,26,31,34
2024-08-05,1,9,21,33,35
2024-08-06,7,11,14,17,18
2024-08-07,2,5,6,13,17
2024-08-08,1,15,25,26,28
2024-08-09,4,12,13,29,36
2024-08-10,9,28,30,35,36
2024-08-12,16,20,21,23,24
2024-08-13,2,5,10,13,31
2024-08-14,5,6,7,30,37
2024-08-15,2,5,9,24,37
2024-08-16,8,10,29,31,37
2024-08-17,13,20,25,28,36
2024-08-19,3,5,28,38,39
2024-08-20,4,7,18,22,26
2024-08-21,9,11,17,33,39
2024-08-22,6,7,8,36,39
2024-08-23,20,24,25,30,38
2024-08-24,1,2,30,34,35
2024-08-26,8,16,19,22,37
2024-08-27,2,8,17,23,32
2024-08-28,11,14,19,29,34
2024-08-29,3,25,26,31,39
2024-08-30,5,7,25,35,38
2024-08-31,4,6,22,37,39
2024-09-02,4,6,17,38,39
2024-09-03,3,13,15,17,37
2024-09-04,4,10,18,36,38
2024-09-05,5,6,10,20,26
2024-09-06,2,13,23,28,33
2024-09-07,2,11,21,26,39
2024-09-09,2,8,13,25,32
2024-09-10,1,4,20,22,34
2024-09-11,22,27,29,32,33
2024-09-12,1,2,22,27,32
2024-09-13,6,7,11,21,38
2024-09-14,6,16,18,29,39
2024-09-16,3,11,28,33,35
2024-09-17,3,12,17,28,31
2024-09-18,9,12,14,24,26
2024-09-19,11,30,31,35,36
2024-09-20,10,15,18,24,27
2024-09-21,7,9,26,38,39
2024-09-23,7,8,12,23,29
2024-09-24,9,13,24,27,29
2024-09-25,3,7,8,20,23
2024-09-26,1,8,26,34,35
2024-09-27,12,13,22,37,38
2024-09-28,8,17,23,26,31
2024-09-30,3,14,23,25,37
2024-10-01,6,7,8,9,22
2024-10-02,11,12,15,27,37
2024-10-03,10,11,17,30,39
2024-10-04,5,8,15,28,34
2024-10-05,12,21,22,33,35
2024-10-07,8,14,17,21,26
2024-10-08,3,10,17,21,29
2024-10-09,3,18,19,29,31
2024-10-10,1,18,21,31,33
2024-10-11,15,16,23,32,38
2024-10-12,7,9,15,20,21
2024-10-14,5,20,24,25,37
2024-10-15,2,11,21,30,36
2024-10-16,6,9,19,34,39
2024-10-17,3,5,10,21,22
2024-10-18,16,20,23,34,35
2024-10-19,1,2,10,14,37
2024-10-21,6,17,19,31,34
2024-10-22,8,9,25,30,33
2024-10-23,2,24,25,31,37
2024-10-24,9,16,18,25,27
2024-10-25,1,3,21,30,34
2024-10-26,3,20,31,32,34
2024-10-28,8,12,17,37,38
2024-10-29,11,14,18,20,30
2024-10-30,9,12,15,21,34
2024-10-31,4,6,18,19,25
2024-11-01,1,9,17,27,30
2024-11-02,6,10,16,31,34
2024-11-04,1,14,24,30,32
2024-11-05,11,20,26,28,36
2024-11-06,8,9,10,13,26
2024-11-07,7,8,18,25,27
2024-11-08,3,4,7,17,22
2024-11-09,7,32,35,36,37
2024-11-11,3,6,9,21,34
2024-11-12,3,16,17,27,32
2024-11-13,5,6,10,11,25
2024-11-14,20,26,30,38,39
2024-11-15,15,30,36,38,39
2024-11-16,9,18,22,29,30
2024-11-18,5,18,26,27,30
2024-11-19,4,6,30,32,34
2024-11-20,11,14,18,30,39
2024-11-21,1,6,8,17,32
2024-11-22,14,24,29,33,39
2024-11-23,5,18,31,35,39
2024-11-25,9,11,23,36,39
2024-11-26,10,13,19,20,23
2024-11-27,3,23,26,34,35
2024-11-28,7,15,19,26,31
2024-11-29,8,9,12,13,17
2024-11-30,5,8,28,31,37
2024-12-02,5,10,19,23,24
2024-12-03,5,7,15,17,33
2024-12-04,2,9,13,34,38
2024-12-05,3,5,7,12,39
2024-12-06,10,13,17,21,24
2024-12-07,3,16,22,32,36
2024-12-09,8,11,16,17,35
2024-12-10,12,16,24,34,39
2024-12-11,6,10,26,27,32
2024-12-12,4,5,18,34,38
2024-12-13,8,9,14,24,31
2024-12-14,25,26,27,33,36
2024-12-16,17,18,31,33,35
2024-12-17,3,6,20,21,28
2024-12-18,15,19,25,37,39
2024-12-19,2,8,15,20,23
2024-12-20,4,5,7,15,24
2024-12-21,7,21,22,28,34
2024-12-23,9,25,33,34,37
2024-12-24,17,18,21,30,39
2024-12-25,2,8,15,17,31
2024-12-26,1,6,9,21,22
2024-12-27,17,24,33,35,37
2024-12-28,1,10,19,28,33
2024-12-30,7,11,21,29,35
2024-12-31,5,11,17,36,38
2025-01-01,7,9,23,25,28
2025-01-02,19,21,22,25,37
2025-01-03,2,20,37,38,39
2025-01-04,16,18,29,34,36
2025-01-06,12,19,22,24,25
2025-01-07,4,10,14,32,35
2025-01-08,14,17,19,28,29
2025-01-09,12,16,25,26,32
2025-01-10,9,24,25,29,31
2025-01-11,3,16,24,32,37
2025-01-13,3,21,22,23,28
2025-01-14,6,15,20,30,32
2025-01-15,7,23,33,36,39
2025-01-16,4,15,17,29,36
2025-01-17,1,8,15,28,29
2025-01-18,1,13,20,21,24
2025-01-20,4,11,17,31,34
2025-01-21,4,8,16,32,35
2025-01-22,9,27,33,34,37
2025-01-23,5,10,26,34,38
2025-01-24,13,15,19,25,37
2025-01-25,2,4,6,13,19
2025-01-26,7,8,9,17,20
2025-01-27,3,5,13,18,37
2025-01-28,9,15,25,27,36
2025-01-29,2,7,9,24,36
2025-01-30,11,12,21,25,30
2025-01-31,4,12,26,27,36
2025-02-01,1,7,11,31,33
2025-02-02,9,16,29,32,39
2025-02-03,4,10,22,23,37
2025-02-04,2,11,21,27,32
2025-02-05,4,6,21,24,27
2025-02-06,3,5,8,29,33
2025-02-07,7,11,13,24,27
2025-02-08,8,11,13,21,29
2025-02-09,4,5,27,35,37
2025-02-10,12,17,19,28,39
2025-02-11,11,15,24,30,32
2025-02-12,1,9,15,26,39
2025-02-13,14,18,28,30,37
2025-02-14,3,12,21,27,36
2025-02-15,5,21,22,24,34
2025-02-17,17,22,30,35,38
2025-02-18,1,11,12,17,19
2025-02-19,3,4,12,30,31
2025-02-20,11,15,18,31,34
2025-02-21,5,6,8,9,18
2025-02-22,8,30,32,34,38
2025-02-24,1,6,12,13,29
2025-02-25,4,7,8,9,11
2025-02-26,4,9,15,35,36
2025-02-27,1,6,18,22,26
2025-02-28,2,7,11,17,32
2025-03-01,7,15,22,31,38
2025-03-03,15,20,29,33,35
2025-03-04,4,10,24,25,39
2025-03-05,11,12,17,18,22
2025-03-06,9,13,17,21,24
2025-03-07,7,8,21,22,23
2025-03-08,6,16,19,24,28
2025-03-10,18,19,27,29,37
2025-03-11,1,11,12,22,25
2025-03-12,5,6,7,29,39
2025-03-13,8,11,16,23,24
2025-03-14,2,20,21,28,36
2025-03-15,1,7,25,35,39
2025-03-17,2,16,20,21,37
2025-03-18,11,14,20,26,38
2025-03-19,3,19,21,25,35
2025-03-20,1,9,15,18,28
2025-03-21,9,23,24,28,31
2025-03-22,8,19,28,32,33
2025-03-24,1,3,11,20,28
2025-03-25,4,9,14,21,22
2025-03-26,2,12,13,16,17
2025-03-27,22,26,31,35,37
2025-03-28,14,15,30,33,35
2025-03-29,5,8,9,20,27
2025-03-31,11,15,19,29,33
2025-04-01,1,25,28,36,37
2025-04-02,5,7,18,29,33
2025-04-03,8,22,26,28,29
2025-04-04,4,6,13,18,29
2025-04-05,5,7,19,33,38
2025-04-07,11,15,17,19,31
2025-04-08,2,10,12,21,32
2025-04-09,23,29,33,34,36
2025-04-10,3,15,28,31,34
2025-04-11,1,3,4,9,38
2025-04-12,1,14,23,26,32
2025-04-14,3,21,31,36,38
2025-04-15,5,25,29,36,39
2025-04-16,1,5,7,14,20
2025-04-17,1,2,3,32,35
2025-04-18,7,18,22,31,37
2025-04-19,10,14,23,24,31
2025-04-21,12,22,25,26,27
2025-04-22,11,12,18,19,39
2025-04-23,14,19,30,35,39
2025-04-24,16,18,22,24,28
2025-04-25,4,9,13,18,36
2025-04-26,8,25,32,37,39
2025-04-28,1,13,33,37,38
2025-04-29,3,5,6,26,29
2025-04-30,16,21,24,27,33
2025-05-01,2,3,18,30,34
2025-05-02,2,15,18,26,31
2025-05-03,6,16,22,30,37
2025-05-05,1,12,15,17,26
2025-05-06,10,12,17,21,38
2025-05-07,13,15,17,23,30
2025-05-08,5,8,13,32,38
2025-05-09,8,15,18,27,30
2025-05-10,1,13,23,32,35
2025-05-12,13,20,22,25,37
2025-05-13,4,14,16,17,28
2025-05-14,5,11,18,22,37
2025-05-15,2,9,24,31,35
2025-05-16,1,3,14,24,37
2025-05-17,6,11,12,29,38
2025-05-19,2,16,27,31,35
2025-05-20,11,23,26,33,38
2025-05-21,6,10,11,12,36
2025-05-22,3,19,26,30,32
2025-05-23,5,6,14,21,30
2025-05-24,7,19,20,23,32
2025-05-26,4,18,23,33,36
2025-05-27,5,16,22,28,33
2025-05-28,9,16,18,22,30
2025-05-29,8,16,27,29,30
2025-05-30,2,11,20,21,23
2025-05-31,5,21,29,37,39
2025-06-02,5,20,28,33,35
2025-06-03,1,14,15,29,32
2025-06-04,2,22,27,31,39
2025-06-05,5,7,11,34,37
2025-06-06,5,9,22,25,33
2025-06-07,11,16,22,27,34
2025-06-09,1,4,15,26,36
2025-06-10,1,17,24,25,32
2025-06-11,14,22,23,35,36
2025-06-12,6,30,33,34,38
2025-06-13,7,12,17,20,21
2025-06-14,5,26,28,31,37
2025-06-16,7,8,16,19,22
2025-06-17,2,20,25,30,39
2025-06-18,9,14,17,27,39
2025-06-19,4,5,7,14,19
2025-06-20,3,4,6,15,24
2025-06-21,4,5,10,33,37
2025-06-23,12,24,32,35,39
2025-06-24,1,5,18,25,29
2025-06-25,1,13,18,24,37
2025-06-26,14,15,24,29,34
2025-06-27,1,2,5,15,35
2025-06-28,1,5,15,17,28
2025-06-30,6,30,37,38,39
2025-07-01,2,27,28,31,39
2025-07-02,5,9,14,21,28
2025-07-03,14,20,21,32,39
2025-07-04,25,27,28,33,35
2025-07-05,5,25,26,32,33
2025-07-07,1,3,4,6,9
2025-07-08,6,12,18,23,37
2025-07-09,3,15,20,29,39
2025-07-10,12,13,18,20,28
2025-07-11,10,14,25,27,31
2025-07-12,16,19,27,32,37
2025-07-14,21,23,26,36,39
2025-07-15,8,18,28,32,37
2025-07-16,13,20,23,32,39
2025-07-17,3,7,15,27,35
2025-07-18,14,18,24,32,39
2025-07-19,4,10,17,20,35
2025-07-21,1,8,13,23,34
2025-07-22,9,16,29,33,35
2025-07-23,8,9,13,16,32
2025-07-24,13,14,20,24,34
2025-07-25,8,9,14,16,18
2025-07-26,2,11,12,20,30
2025-07-28,12,17,27,29,35
2025-07-29,9,25,26,27,33
2025-07-30,12,20,23,34,38
2025-07-31,7,25,27,28,31
2025-08-01,1,3,8,27,36
2025-08-02,6,13,19,20,27
2025-08-04,11,20,29,30,39
2025-08-05,2,3,13,16,21
2025-08-06,6,10,24,28,38
2025-08-07,10,20,28,30,37
2025-08-08,11,25,27,30,34
2025-08-09,1,9,27,29,30
2025-08-11,1,14,22,26,28
2025-08-12,1,9,17,25,30
2025-08-13,11,23,26,32,34
2025-08-14,10,12,14,31,35
2025-08-15,1,5,16,18,26
2025-08-16,15,18,22,24,31
2025-08-18,9,12,18,27,29
2025-08-19,6,7,18,31,35
2025-08-20,15,18,29,31,39
2025-08-21,16,27,28,29,33
2025-08-22,6,7,21,37,38
2025-08-23,4,5,8,27,39
2025-08-25,6,12,15,23,26
2025-08-26,2,5,24,38,39
2025-08-27,3,5,28,30,32
2025-08-28,5,7,21,23,29
2025-08-29,7,20,21,30,38
2025-08-30,4,5,7,13,14
2025-09-01,21,24,28,29,35
2025-09-02,5,8,10,23,25
2025-09-03,14,15,20,21,23
2025-09-04,6,7,24,27,34
2025-09-05,7,9,29,32,38
2025-09-06,8,14,25,28,31
2025-09-08,7,11,20,28,38
2025-09-09,8,20,23,25,26
2025-09-10,12,14,16,28,39
2025-09-11,6,18,26,28,36
2025-09-12,9,12,16,26,34
2025-09-13,2,25,32,35,36
2025-09-15,7,9,10,12,28
2025-09-16,2,9,19,21,33
2025-09-17,4,6,7,12,38
2025-09-18,5,12,14,23,33
2025-09-19,2,11,22,24,31
2025-09-20,5,8,11,13,22
2025-09-22,7,9,12,14,33
2025-09-23,6,19,20,33,37
2025-09-24,4,22,23,35,39
2025-09-25,2,10,13,28,32
2025-09-26,3,7,14,25,34
2025-09-27,3,11,13,28,37
2025-09-29,3,15,21,29,37
2025-09-30,14,20,21,28,33
2025-10-01,3,5,12,22,27
2025-10-02,10,19,25,36,39
2025-10-03,10,16,19,21,28
2025-10-04,3,4,10,18,39
2025-10-06,3,5,6,12,13
2025-10-07,1,16,20,28,34
2025-10-08,3,9,26,38,39
2025-10-09,2,4,12,15,29
2025-10-10,3,6,24,31,36
2025-10-11,4,9,19,22,34
2025-10-13,8,13,14,22,36
2025-10-14,4,5,9,18,24
2025-10-15,4,7,19,33,39
2025-10-16,4,18,21,30,37
2025-10-17,1,21,31,32,34
2025-10-18,2,17,32,35,38
2025-10-20,6,13,22,23,27
2025-10-21,13,22,30,37,38
2025-10-22,3,4,20,25,28
2025-10-23,8,15,27,37,38
2025-10-24,8,11,13,37,38
2025-10-25,3,4,11,21,34
2025-10-27,3,20,26,31,37
2025-10-28,18,20,25,29,31
2025-10-29,26,32,33,36,39
2025-10-30,5,27,28,31,37
2025-10-31,11,18,25,26,33
2025-11-01,8,12,19,27,28
2025-11-03,24,25,34,36,37
2025-11-04,1,7,12,29,39
2025-11-05,11,14,15,27,39
2025-11-06,7,24,28,31,32
2025-11-07,22,27,30,32,37
2025-11-08,7,8,9,26,34
2025-11-10,7,14,15,17,30
2025-11-11,5,19,31,34,39
2025-11-12,1,4,9,14,22
2025-11-13,13,18,20,23,36
2025-11-14,2,11,15,37,38
2025-11-15,12,20,25,28,29
2025-11-17,4,7,16,26,29
2025-11-18,14,24,31,36,37
2025-11-19,3,11,20,28,31
2025-11-20,1,5,33,36,38
2025-11-21,5,10,17,28,35
2025-11-22,10,13,32,33,37
2025-11-24,2,4,5,17,31
2025-11-25,9,30,36,38,39
2025-11-26,7,13,26,28,34
2025-11-27,7,19,22,25,28
2025-11-28,8,13,14,22,28
2025-11-29,8,27,30,33,36
2025-12-01,2,3,4,20,24
2025-12-02,2,5,8,13,29
2025-12-03,5,9,14,33,35
2025-12-04,1,7,20,25,37
2025-12-05,2,3,16,17,29
2025-12-06,6,22,23,24,32
2025-12-08,5,23,27,28,31
2025-12-09,7,8,15,30,39
2025-12-10,4,7,11,16,26
2025-12-11,2,6,17,25,26
2025-12-12,10,24,26,28,35
2025-12-13,2,9,21,31,38
2025-12-15,3,17,27,29,38
2025-12-16,2,10,14,33,35
2025-12-17,5,6,7,19,32
2025-12-18,4,9,32,33,36
2025-12-19,12,16,23,27,30
2025-12-20,1,5,16,35,38
2025-12-22,2,22,24,27,38
2025-12-23,9,22,24,30,35
2025-12-24,2,3,14,25,30
2025-12-25,14,18,28,36,39
2025-12-26,1,10,20,27,36
2025-12-27,1,15,19,28,38
2025-12-29,5,10,13,29,37
2025-12-30,11,12,24,27,33
2025-12-31,8,10,11,26,35
2026-01-01,15,16,18,29,36
2026-01-02,17,18,25,36,39
2026-01-03,22,23,31,32,38
2026-01-05,10,16,18,34,39
2026-01-06,1,2,6,11,33
2026-01-07,5,10,14,15,28
2026-01-08,3,8,10,21,30
2026-01-09,1,12,14,22,34
2026-01-10,11,25,26,34,38
2026-01-12,3,13,18,24,30
2026-01-13,6,16,17,19,31
2026-01-14,1,2,16,33,35
2026-01-15,1,2,3,19,36
2026-01-16,18,19,22,27,29
2026-01-17,2,10,11,24,37
2026-01-19,12,16,23,24,29
2026-01-20,16,19,23,25,34
2026-01-21,4,15,23,27,38
2026-01-22,3,6,11,30,34
2026-01-23,3,11,12,21,31
2026-01-24,6,7,15,35,37
2026-01-26,6,15,23,26,30
2026-01-27,5,17,18,23,32
2026-01-28,10,11,23,24,29
2026-01-29,6,11,28,36,37
2026-01-30,16,17,29,30,36
2026-01-31,5,12,16,21,32
2026-02-02,6,8,31,37,38
2026-02-03,3,5,11,15,23
2026-02-04,8,17,22,27,28
2026-02-05,8,9,13,32,35
2026-02-06,1,6,29,32,34
2026-02-07,3,8,22,27,32
2026-02-09,16,21,25,31,35
2026-02-10,10,11,17,22,36
2026-02-11,11,15,18,29,33
2026-02-12,1,12,21,35,37
2026-02-13,4,28,31,33,34
2026-02-14,1,3,13,31,36
2026-02-15,11,13,18,22,34
2026-02-16,5,7,15,18,34
2026-02-17,6,8,11,20,21
2026-02-18,8,10,12,32,33
2026-02-19,8,15,19,25,27
2026-02-20,4,11,22,23,27
2026-02-21,1,8,19,20,25
2026-02-22,8,13,16,24,25
2026-02-23,3,10,12,27,36
2026-02-24,16,23,25,32,36
2026-02-25,5,22,28,35,36
2026-02-26,3,6,9,31,39
2026-02-27,1,22,23,37,39
2026-02-28,2,4,13,26,27
2026-03-01,2,8,15,29,31
2026-03-02,3,12,20,21,27
2026-03-03,2,19,21,32,35
2026-03-04,4,8,12,16,17
2026-03-05,1,4,8,12,36
2026-03-06,19,24,29,32,34
2026-03-07,15,17,18,34,36
2026-03-09,7,12,15,32,38
2026-03-10,11,12,14,17,32
2026-03-11,5,15,26,37,38
2026-03-12,4,5,7,23,35
2026-03-13,2,5,11,12,15
2026-03-14,8,10,18,20,34
2026-03-16,17,19,21,29,34
2026-03-17,11,13,19,22,27
2026-03-18,21,22,31,32,35
2026-03-19,5,23,25,30,37
2026-03-20,3,11,15,33,39
2026-03-21,7,14,15,19,22
2026-03-23,7,12,24,29,35
2026-03-24,10,20,28,29,36
2026-03-25,3,13,31,33,36
2026-03-26,14,17,20,24,37
2026-03-27,8,18,24,34,35
2026-03-28,6,9,11,16,17
2026-03-30,6,8,20,22,32
2026-03-31,9,16,23,35,39
2026-04-01,3,10,11,13,23
2026-04-02,1,9,13,18,21
2026-04-03,6,8,9,25,35
2026-04-04,4,17,25,31,36
2026-04-06,7,11,17,31,34
2026-04-07,4,8,21,27,29
2026-04-08,2,4,5,6,29
2026-04-09,2,15,25,31,38
2026-04-10,9,21,25,27,30
2026-04-11,7,12,17,24,31
2026-04-13,18,30,31,37,38
2026-04-14,9,14,27,29,33
2026-04-15,2,9,11,29,30
2026-04-16,6,8,12,21,30
2026-04-17,1,2,7,16,26
2026-04-18,7,25,26,29,31
2026-04-20,3,4,5,20,36
2026-04-21,1,6,14,26,28
2026-04-22,5,7,24,38,39
2026-04-23,2,10,17,25,35
2026-04-24,16,21,25,29,34
2026-04-25,3,20,21,22,33
2026-04-27,8,18,20,23,27
2026-04-28,7,8,21,35,38
2026-04-29,2,6,22,32,36
2026-04-30,6,15,27,30,31
2026-05-01,2,3,14,16,20
2026-05-02,8,9,17,25,38
2026-05-04,8,22,26,36,39
2026-05-05,8,16,24,27,37
2026-05-06,4,10,11,34,39
2026-05-07,1,6,18,25,36
2026-05-08,18,19,23,26,28
2026-05-09,11,18,21,22,25
2026-05-11,2,13,21,36,37
2026-05-12,1,4,12,22,26
2026-05-13,2,6,7,9,23
2026-05-14,8,18,28,35,39
2026-05-15,1,13,23,25,36
2026-05-16,2,11,28,32,33
2026-05-18,8,15,20,32,33
2026-05-19,4,6,24,31,32
2026-05-20,1,20,21,23,35
2026-05-21,9,25,28,34,36
2026-05-22,4,8,15,16,37
2026-05-23,6,15,16,24,38
2026-05-25,5,6,12,36,37
2026-05-26,2,7,11,14,37
2026-05-27,2,3,18,19,21
2026-05-28,6,9,12,19,31
2026-05-29,12,15,20,34,35
2026-05-30,2,3,4,13,39
2026-06-01,5,14,19,20,28
2026-06-02,7,12,22,26,30
2026-06-03,2,8,17,25,38
2026-06-04,2,8,24,29,35
2026-06-05,7,21,26,27,31
2026-06-06,13,27,30,37,38
2026-06-08,8,14,17,18,28
2026-06-09,10,17,20,25,28
2026-06-10,1,4,32,35,39
2026-06-11,8,15,20,29,31
2026-06-12,6,8,18,29,31
2026-06-13,4,5,6,34,36
2026-06-15,12,16,24,28,36
2026-06-16,5,17,23,25,29
2026-06-17,8,10,15,16,37
2026-06-18,9,20,27,28,30
2026-06-19,1,5,7,13,25
2026-06-20,4,11,24,25,31
2026-06-22,1,7,28,29,34
2026-06-23,2,14,25,29,36
2026-06-24,3,17,21,32,33
2026-06-25,6,13,21,29,34
2026-06-26,8,10,14,26,36
2026-06-27,4,14,21,31,32
2026-06-29,11,15,30,34,36
2026-06-30,3,11,23,26,37
2026-07-01,1,3,12,14,34
2026-07-02,1,6,8,13,30
2026-07-03,7,11,31,36,37
2026-07-04,2,10,15,31,37
2026-07-06,1,10,12,14,38
2026-07-07,9,21,24,27,34
2026-07-08,1,11,23,30,34
2026-07-09,18,22,28,35,37
2026-07-10,5,13,15,21,26
2026-07-11,10,25,27,35,38
2026-07-13,3,4,5,34,35
2026-07-14,1,6,13,15,37
2026-07-15,6,16,19,21,30
2026-07-16,13,25,28,30,31
2026-07-17,10,12,28,29,35
2026-07-18,18,29,33,34,37
2026-07-20,10,12,13,20,24
2026-07-21,12,19,27,37,39
2026-07-22,3,14,19,21,31
2026-07-23,12,14,19,25,26
2026-07-24,5,17,27,29,36
2026-07-25,8,12,16,23,39
2026-07-27,7,16,19,24,32
2026-07-28,5,8,13,23,31
2026-07-29,5,14,32,33,36
